<PAD>	1000000000
<UNK>	1000000000
<S>	1000000000
</S>	1000000000
的	4303
不	1487
人	1251
他	1164
说	1041
为	866
在	836
是	802
曹操	769
我	757
都	673
有	629
和	598
能	544
了	544
就	499
而	494
与	491
一	476
等	460
到	452
他们	428
被	427
将	410
对	407
又	389
于是	365
去	332
向	327
袁绍	325
没有	323
这	318
把	310
将军	307
会	295
要	293
中	291
刘备	290
郡	280
也	280
以	271
自己	269
个	259
后	258
朝廷	257
派	257
之	250
军	250
任命	248
您	247
上	246
太守	243
天下	236
时	233
来	232
你	224
董卓	219
孙权	207
用	202
并	193
但	190
还	189
三	189
百姓	189
再	186
大	179
年	179
进攻	176
让	176
可以	173
如果	170
吕布	168
很	167
余	166
所	165
便	163
各	163
才	161
使	157
军队	156
却	155
从	155
如今	154
地	154
给	153
已	150
李	149
多	141
应该	137
我们	137
着	137
杀死	136
刺史	133
想	131
灵帝	131
桓帝	129
们	128
现在	128
袁术	127
皇帝	127
只	127
月	125
洛阳	123
率领	123
认为	121
州	121
陛下	120
关羽	119
曹	118
儿子	117
所以	115
两	115
全	114
命令	113
担任	113
刘表	112
率军	111
校尉	111
则	109
将领	109
献帝	108
这样	107
部下	106
十	105
孙策	105
未	105
国家	105
袁	104
请求	103
日	103
死	102
知道	102
因此	101
公	100
进行	100
讨伐	100
打算	97
吗	96
次	96
太尉	94
宦官	94
家	94
数	92
荆州	92
全部	92
得	91
上书	91
下诏	90
下	90
什么	90
天	89
过	89
可	89
因	88
一定	87
官员	87
正	87
大军	86
公孙瓒	86
无	86
于	85
已经	85
先	83
发生	82
种	82
派遣	81
当时	81
因为	80
虽然	79
刘璋	79
杀	79
敢	78
王	78
此	78
投降	77
作	76
听说	76
得到	76
做	75
地区	75
封	74
作为	72
天子	72
诛杀	72
骑兵	72
部	72
亲自	72
命	71
尚书	71
受到	71
段	71
怎么	71
太后	70
里	70
如	70
五	70
呢	69
肯	68
事情	68
及	68
部队	68
刘	68
县	68
推荐	67
见	67
官吏	67
到达	67
应当	66
事	66
以及	66
南	66
兵	66
士兵	65
由	65
回答	65
你们	63
中常侍	63
只有	63
前往	62
万	62
请	62
张	61
准备	59
二	59
然后	59
起兵	59
周瑜	58
官	58
只是	58
而且	58
黄	58
韩	57
接受	57
好	57
逮捕	56
使者	56
共同	56
返回	56
起来	56
出	56
四	56
应	55
春季	55
这些	55
一起	55
众	55
官府	55
投奔	55
陈蕃	55
冬季	54
征召	54
进	54
东	54
小	54
益州	54
平定	54
皇后	53
城	53
攻击	53
羌	53
郭汜	53
势力	52
侯	52
成	52
乌桓	52
母亲	52
手	52
以后	52
巾	52
吕蒙	52
地方	51
窦武	51
率	51
司空	51
马超	51
妻子	51
左	51
听到	51
孙坚	51
荀	51
看到	50
感到	50
后来	50
魏	50
梁冀	50
党	49
公元	49
京都	49
人民	49
一样	49
冀州	49
恐怕	48
司徒	48
张鲁	48
当初	48
何	48
从事	48
首领	47
仍	47
回	47
左右	47
一向	47
建议	47
同	47
袁尚	47
而今	46
迎接	46
归附	46
每	46
十分	46
处	46
消息	46
无法	45
杨	45
擢升	45
其	45
前	45
必然	45
这时	45
邺城	45
自	45
逃	45
恩德	45
刘虞	45
黄河	45
匈奴	45
这个	45
弟弟	44
入	44
立	44
劝	44
敌人	44
奏章	44
然而	44
大事	44
回到	44
击败	44
互相	44
位	44
看	43
陈	43
国	43
名	43
加以	43
羌人	43
夏季	43
曾	43
从前	42
共	42
受	42
进入	42
节	42
处死	42
钱	42
北	42
等到	42
起	42
委任	41
大臣	41
乘	41
今天	41
攻打	41
安定	41
单于	41
九	41
为什么	41
出来	40
曾经	40
谭	40
其他	40
建立	40
去世	40
害怕	40
秋季	40
外	40
表	40
几	39
包围	39
道	39
兄弟	39
盗贼	39
反叛	39
父亲	39
难道	39
部将	39
别人	38
见到	38
长安	38
过去	38
本	38
坐	38
鲁肃	38
王甫	38
将士	37
窦	37
前来	37
尽	37
王允	37
关系	37
留	37
问	37
下令	37
田畴	37
张绣	37
赏赐	37
宫	37
皇甫嵩	37
牧	37
当	37
之间	37
正月	36
弹劾	36
住	36
何进	36
氏	36
任用	36
写信	36
相	36
力量	36
离开	36
怨恨	36
孔融	36
奉	35
联合	35
京城	35
心中	35
谁	35
重新	35
徐州	35
水	35
尚	35
为了	35
汉朝	35
岂	35
张奂	35
大夫	35
最	35
司隶	35
右	35
话	35
罪	35
起初	35
秘密	34
恐惧	34
经常	34
袭击	34
那些	34
虽	34
诸葛亮	34
辅佐	34
西	34
驻	34
比	34
既	34
女儿	34
不过	34
十月	33
以前	33
久	33
人才	33
同时	33
表示	33
跟	33
财物	33
兖州	33
背叛	33
疑	33
控制	33
车	33
告诉	33
像	32
杨奉	32
皇宫	32
即使	32
蔡邕	32
希望	32
代	32
配	32
能够	32
来到	32
一万	32
听从	32
留下	32
询问	32
上天	32
贾诩	32
张角	32
可是	32
膺	32
出现	31
曹仁	31
大赦	31
治理	31
内	31
兼任	31
高	31
征	31
许都	31
占据	31
韩遂	31
各地	31
诏书	31
长	31
进军	31
众人	31
一同	31
六	31
少	31
误	31
黄祖	31
跟随	31
驻军	31
意见	31
凉州	31
郭泰	31
劝阻	30
拒绝	30
行为	30
形势	30
关中	30
幽州	30
遭到	30
遇到	30
县令	30
情况	30
逃走	30
功劳	30
部落	30
再次	30
张让	29
太	29
侍	29
改	29
征讨	29
宾客	29
之中	29
难	29
都尉	29
假如	29
之后	29
立即	29
骑	29
七月	29
听	29
制度	29
令	29
马	29
愿	29
君王	28
粮食	28
行	28
攻破	28
审	28
报告	28
身	28
臣	28
八	28
营	28
出兵	28
赦免	28
依靠	28
贼	28
范滂	28
事务	28
诸	28
商议	28
时间	28
甘宁	28
粮草	27
吃	27
连	27
前去	27
帮助	27
归降	27
斩杀	27
步	27
发动	27
儿女	27
开始	27
时候	27
足以	27
官职	27
正在	27
遂	27
高兴	27
授	27
统率	26
那样	26
加	26
拥有	26
千	26
作战	26
长江	26
府	26
畏惧	26
经过	26
罢了	26
王国	26
坚守	26
纷纷	26
营寨	26
打败	26
敌军	26
更	26
据守	26
全国	26
以来	26
人士	26
谋略	26
功	26
卿	26
道路	26
称	26
荀攸	26
大家	26
同意	26
召	26
朝	26
必定	26
太常	25
土地	25
有的	25
以下	25
渡过	25
杀害	25
会稽	25
青州	25
一千	25
安抚	25
劝说	25
自称	25
大败	25
正好	25
汉中	25
按照	25
朱俊	25
小人	25
分别	25
定	25
南阳	25
驻守	25
司马	25
负责	25
张辽	25
夏侯渊	25
不久	25
叛乱	25
人们	25
攻克	25
至	25
尸体	25
并州	25
大怒	24
部属	24
本来	24
城中	24
归	24
许	24
夺取	24
或	24
公卿	24
攻	24
张飞	24
陶谦	24
士	24
皇甫	24
地位	24
心	24
监狱	24
必	24
七	24
她	24
带	24
大将军	24
机会	24
破	24
汉	24
法令	24
北方	24
哥哥	24
者	24
反而	24
暗中	24
成为	24
仍然	23
祭祀	23
服从	23
考虑	23
衣服	23
日食	23
分	23
召集	23
亲近	23
邪恶	23
长官	23
怕	23
君主	23
援救	23
继续	23
亲信	23
军营	23
那里	23
不断	23
马腾	23
杨彪	23
另	23
违背	23
送	23
逐渐	23
所有	23
张邈	23
曹军	23
河内	23
如此	23
家族	23
信	22
董承	22
强	22
属下	22
十一	22
设置	22
走	22
教化	22
五月	22
乘机	22
灭亡	22
杜	22
岁	22
相互	22
一直	22
计划	22
战	22
军事	22
十二	22
大乱	22
得以	22
没	22
四月	22
禁	22
户	22
由于	22
那	22
袁谭	22
王室	22
要求	22
张杨	22
太史慈	22
答应	21
驻扎	21
观察	21
追击	21
抢掠	21
只好	21
管理	21
朋友	21
百官	21
抵抗	21
甚至	21
失去	21
规	21
一些	21
曹丕	21
回来	21
撤退	21
一百	21
郎将	21
离去	21
民间	21
非常	21
俘虏	21
真	21
并且	21
重	21
遭受	21
叹息	21
恢复	21
职务	21
斩	21
变化	20
赵俨	20
异	20
陈宫	20
决定	20
刘琮	20
刘繇	20
华歆	20
大破	20
老	20
那么	20
士大夫	20
失败	20
袭	20
奸佞	20
居住	20
担心	20
逃亡	20
服	20
更加	20
实在	20
采纳	20
很多	20
敌	20
王朝	20
御史	20
及至	20
礼	20
为人	20
穿	20
崔琰	20
大业	20
原因	20
主持	20
果然	20
处理	20
结交	20
集结	20
但是	19
初一	19
二十	19
而已	19
诬陷	19
扬州	19
既然	19
兵力	19
赵忠	19
车骑	19
利用	19
物资	19
容易	19
犯	19
完全	19
臧洪	19
曹植	19
刑罚	19
法正	19
等待	19
毛	19
阳球	19
以东	19
犹如	19
各自	19
威胁	19
黄门	19
其中	19
吴郡	19
下来	19
陈述	19
难以	19
牵连	19
箭	19
盖勋	19
钟繇	19
率兵	19
徐晃	19
守	19
派兵	19
封国	19
鲜卑	19
百	19
俩	19
救	18
韩暹	18
叛变	18
星	18
学生	18
六月	18
故乡	18
善于	18
陆逊	18
怎	18
快	18
前进	18
家乡	18
解除	18
策略	18
豪杰	18
护	18
诬告	18
东郡	18
丞相	18
决	18
精兵	18
罪过	18
行动	18
门	18
追赶	18
忧虑	18
贤能	18
防守	18
击破	18
下邳	18
回去	18
捉住	18
保全	18
件	18
成功	18
放	18
时机	18
镇守	18
零陵	18
对于	18
人头	18
只要	18
其余	18
推举	18
靠	18
沮	18
路	18
有关	18
斩首	18
实际上	18
从此	17
封为	17
喜欢	17
中郎将	17
设	17
性情	17
平原	17
达	17
三万	17
旧	17
朝政	17
响应	17
四方	17
圣明	17
交战	17
参与	17
竟	17
樊稠	17
聚集	17
计策	17
降	17
聘	17
属	17
凡是	17
乱	17
免职	17
张温	17
生	17
危险	17
追	17
战败	17
才干	17
能力	17
支	17
之下	17
父子	17
人马	17
拜见	17
身为	17
大声	17
自从	17
有功	17
责备	17
讲	17
胡人	17
家属	17
樊城	17
河南	17
卢植	17
结果	17
混乱	17
灾祸	17
陈球	17
何况	17
直	17
许多	17
意思	17
侍中	17
对待	17
尊	17
人质	17
超过	17
礼节	16
它	16
赐	16
城门	16
废黜	16
知	16
太学	16
方	16
后悔	16
投靠	16
子弟	16
断绝	16
上下	16
函谷关	16
该	16
逃跑	16
张松	16
兵马	16
深	16
夏侯	16
政事	16
二月	16
父母	16
增加	16
五千	16
加上	16
刚刚	16
消灭	16
任	16
先前	16
远	16
卫尉	16
书	16
指挥	16
强大	16
名义	16
根据	16
智谋	16
侯览	16
缘故	16
郡县	16
单超	16
忠臣	16
退回	16
梁	16
文武	16
议	16
中郎	16
赋税	16
辎重	16
夫人	16
因而	16
统帅	16
族	16
送到	16
掉	16
傅燮	16
匹	16
授予	16
符节	16
活	16
主	16
险要	16
度尚	16
联系	16
送给	15
改变	15
确实	15
了解	15
天地	15
丹阳	15
乙	15
道理	15
巴郡	15
权势	15
高干	15
私人	15
烧	15
一律	15
救援	15
象	15
罪状	15
罪恶	15
先帝	15
卫士	15
太傅	15
统领	15
武器	15
怀疑	15
赶快	15
赵云	15
开	15
封爵	15
不足	15
教	15
上奏	15
境内	15
以西	15
豫州	15
杜畿	15
以为	15
免官	15
民心	15
张昭	15
相同	15
郭嘉	15
常侍	15
徐稚	15
迁	15
宽厚	15
仅	15
石	15
持	15
占领	15
守卫	15
徒	15
保护	15
信任	15
过失	15
内外	15
交给	15
刘琦	15
豫章郡	15
这里	15
太仆	15
冯绲	15
宰相	15
还是	15
相比	15
供应	14
一下	14
突然	14
小黄门	14
胜过	14
放弃	14
尽管	14
头	14
亲戚	14
成都	14
金	14
帐	14
政治	14
完成	14
张济	14
停止	14
一带	14
攻陷	14
免除	14
初三	14
表面	14
掌握	14
卫固	14
议郎	14
江陵	14
九月	14
危急	14
败	14
计	14
提出	14
大营	14
早	14
分析	14
愿意	14
免	14
办法	14
条	14
允许	14
达到	14
迅速	14
虎贲	14
郎	14
南郡	14
代理	14
长沙	14
统一	14
十二月	14
侵犯	14
迎	14
罢免	14
戟	14
躲避	14
后面	14
大祸	14
时代	14
士人	14
原来	14
在于	14
妻	14
通过	14
陈登	14
发	14
言辞	14
取得	14
帝王	14
庞统	14
称赞	14
李燮	14
军粮	14
伏	14
当作	13
河东郡	13
害	13
设立	13
贵人	13
做官	13
德	13
废	13
送往	13
间	13
用兵	13
密谋	13
古代	13
以南	13
清廉	13
尹	13
民众	13
度	13
郭图	13
前任	13
宫殿	13
合	13
长期	13
再度	13
汉水	13
言	13
名望	13
借口	13
抵御	13
退守	13
俸禄	13
主簿	13
臣下	13
登上	13
显示	13
恩惠	13
即	13
逼迫	13
江夏	13
韩嵩	13
渡河	13
广陵	13
直接	13
焉	13
来不及	13
咱们	13
出去	13
大义	13
失火	13
民	13
从来	13
程普	13
奏报	13
饥饿	13
选拔	13
二千	13
武士	13
抵达	13
贾逵	13
桂阳	13
陷入	13
光禄	13
第二	13
泄露	13
河东	13
陈留	13
旨意	13
天象	13
郭	13
广	13
觉得	13
田丰	13
寇荣	13
符合	13
别驾	13
立刻	13
刘晔	13
献	13
权力	13
之内	13
士卒	13
郡府	13
强盛	13
笑	13
示众	13
赵	13
刘勋	12
流	12
予以	12
终于	12
印绶	12
崐	12
校	12
勃海	12
少帝	12
帝	12
禁止	12
胜	12
刘悝	12
贿赂	12
治	12
随即	12
精锐	12
禁锢	12
诽谤	12
惊	12
恩	12
放纵	12
围攻	12
徐	12
类	12
拥戴	12
高顺	12
归顺	12
双方	12
威望	12
袁熙	12
埋伏	12
策划	12
宫女	12
后宫	12
重任	12
切断	12
大司农	12
攻取	12
修建	12
罪名	12
判处	12
告发	12
成就	12
程昱	12
夏育	12
李云	12
兵士	12
残暴	12
长久	12
囚禁	12
督	12
南宫	12
署	12
明白	12
抛弃	12
特别	12
义	12
推行	12
选择	12
主人	12
宫门	12
十一月	12
严厉	12
勾结	12
马日	12
曹洪	12
接替	12
明	12
惩罚	12
讨	12
征收	12
公孙度	12
随	12
建安	12
船	12
身上	12
刘协	12
调查	12
援	12
自杀	12
招	12
劫持	12
三十	12
擅自	12
董	12
胁迫	12
君臣	12
军用	12
步兵	12
城墙	12
写	12
酒	12
方法	12
全军	12
出身	12
沛国	12
俘获	12
黄巾	12
关东	12
坟墓	12
进驻	12
即令	12
成败	12
诸侯	12
愤怒	12
群	12
拯救	12
杨赐	12
扶风	12
十万	12
张俭	12
登	12
出发	12
征发	12
身边	11
光武帝	11
礼仪	11
极	11
暴虐	11
叛逆	11
伤害	11
致使	11
史	11
当地	11
占有	11
通	11
援助	11
始终	11
看见	11
寿春	11
皇太后	11
满宠	11
仇香	11
情	11
辽东	11
积蓄	11
溃散	11
朱	11
八月	11
丈	11
主公	11
公开	11
接到	11
推辞	11
黑山	11
巡视	11
几乎	11
固守	11
皇家	11
尚且	11
破坏	11
最终	11
采用	11
交	11
大将	11
皇甫规	11
宛城	11
安葬	11
假装	11
政权	11
无人	11
名声	11
执	11
竟然	11
释放	11
前后	11
困难	11
蜀	11
抵挡	11
张燕	11
批准	11
尹勋	11
缺乏	11
杨秉	11
别的	11
辞	11
进击	11
任职	11
廷尉	11
继承人	11
指控	11
善	11
文书	11
取胜	11
南阳郡	11
一旦	11
都督	11
铸	11
叛军	11
若	11
袁隗	11
仁义	11
病	11
一半	11
功勋	11
属吏	11
有所	11
庐江	11
淳于琼	11
射	11
营垒	11
铠甲	11
乡里	11
春秋	11
流亡	11
屡次	11
况且	11
战乱	11
正直	11
尚书令	11
政务	11
说话	11
地震	11
以北	11
扰乱	11
暂时	11
笮融	11
延聘	11
劝谏	11
常	11
臧霸	11
僚属	11
韩忠	11
不同	11
党羽	11
阴谋	11
二万	11
远近	11
主要	11
勇猛	11
议论	11
已故	11
吕强	11
或者	11
世	11
列侯	11
代表	11
襄阳	11
夜	11
绢	11
辆	11
乘夜	11
根本	11
别	11
造反	11
足够	11
迎战	11
王烈	11
喝	11
杜密	11
祢衡	10
出任	10
弱	10
长乐	10
搜捕	10
陈留郡	10
李孚	10
及时	10
光禄勋	10
到任	10
轻装	10
四十	10
拜	10
一齐	10
荒废	10
胜利	10
安宁	10
专门	10
张纯	10
贤才	10
贺齐	10
失利	10
迁徙	10
公文	10
许攸	10
口	10
势必	10
非	10
官位	10
尽力	10
盼望	10
平	10
兴起	10
逃避	10
殿	10
叛	10
施行	10
宽恕	10
十三	10
烧毁	10
孙	10
粮	10
审问	10
甲子	10
发兵	10
崤山	10
求救	10
北平	10
原	10
品德	10
最后	10
要是	10
称帝	10
丙	10
鼓励	10
权贵	10
落	10
悬挂	10
功业	10
亲属	10
吴	10
茅容	10
剑	10
惭愧	10
及其	10
捉	10
号令	10
集中	10
习	10
钱币	10
印信	10
人数	10
奏	10
山	10
会合	10
宠爱	10
业	10
汉献帝	10
夜里	10
劝导	10
知名	10
中原	10
威严	10
下去	10
蜀地	10
佩服	10
三月	10
汉纪	10
部分	10
不仅	10
节操	10
刚	10
起身	10
趁	10
轻	10
妇女	10
脚	10
辛丑	10
庞德	10
大计	10
县长	10
不安	10
曹节	10
好象	10
住宅	10
使得	10
面前	10
东方	10
退	10
对付	10
爵位	10
护军	10
接着	10
留守	10
标准	10
哪里	10
队伍	10
赶到	10
如同	10
终究	10
召见	10
夏	10
群臣	10
意	10
日益	10
周围	10
爵	10
作乱	10
大权	10
强盗	10
动	10
据	10
进发	10
修	10
严	10
退走	10
绵	10
桥玄	10
生擒	10
待	10
安全	10
性命	10
太原	10
性格	10
厌恶	10
班师	10
武力	10
发现	10
胆敢	10
战船	10
年龄	10
阳	10
称为	10
理由	10
齐桓公	10
宗	9
收	9
发觉	9
兴建	9
段煨	9
管宁	9
贪污	9
生死	9
刘宠	9
掾	9
通知	9
外援	9
守城	9
连续	9
明智	9
彭城	9
援军	9
酋长	9
毫	9
如何	9
围	9
感动	9
颖川	9
南下	9
营中	9
财产	9
攻下	9
高官	9
残余	9
卫	9
陵园	9
采取	9
撤军	9
清	9
人物	9
诸种	9
效力	9
尊贵	9
挑选	9
不必	9
关闭	9
李通	9
乐	9
管	9
徐璜	9
反	9
悲痛	9
逆	9
逢	9
仓库	9
聪明	9
英雄豪杰	9
事业	9
急	9
旁	9
站	9
狱中	9
东海	9
求	9
引起	9
北海	9
之上	9
拜访	9
许劭	9
刘瑜	9
出征	9
权威	9
郎中	9
文	9
挖掘	9
局势	9
矛盾	9
拉	9
黄琼	9
忍心	9
失望	9
屯	9
提	9
汝南郡	9
典章	9
争	9
吞并	9
信义	9
和睦	9
担忧	9
妫览	9
禁令	9
河水	9
招降	9
此时	9
元年	9
迁都	9
宗庙	9
近	9
评论	9
长史	9
刘巴	9
震动	9
徐庶	9
接纳	9
依附	9
忠义	9
袁涣	9
第一	9
愤恨	9
丑	9
书信	9
制作	9
怒	9
满	9
秦	9
片	9
生命	9
恶	9
斥责	9
冤枉	9
蹋顿	9
魏王	9
势	9
人心	9
贪图	9
顾虑	9
常常	9
握	9
英雄	9
古人	9
撰写	9
祖先	9
家里	9
卖	9
肉	9
喊	9
捉拿	9
待遇	9
疏远	9
监	9
许褚	9
另外	9
公孙康	9
送来	9
拨	9
施	9
边章	9
车辆	9
重视	9
争夺	9
以上	9
经书	9
引诱	9
继承	9
子	9
声称	9
地势	9
机	9
陈龟	9
死去	9
武陵	9
借	9
从中	9
呼喊	9
使用	9
姓	9
刀	9
产生	9
身份	9
陈国	9
先后	9
对抗	9
按	9
倚仗	9
一举	9
姜叙	9
确定	9
赵岐	9
宋	9
找	9
出战	9
昼夜	9
项	9
平息	9
牵	9
球	9
急速	9
威信	9
赋	9
修筑	9
堂弟	8
大喜	8
举行	8
最初	8
眼泪	8
进贡	8
本意	8
初十	8
羞耻	8
赵韪	8
相持	8
邴原	8
报仇	8
向前	8
田楷	8
谗言	8
蹇硕	8
骄横	8
深入	8
刚直	8
低头	8
只不过	8
戴	8
走到	8
约定	8
好像	8
叩头	8
三军	8
职位	8
愿望	8
发展	8
作恶	8
获得	8
御	8
怎么办	8
所谓	8
数十	8
宣布	8
王朗	8
先零	8
射中	8
辰	8
批	8
张超	8
丁仪	8
西园	8
越	8
县城	8
义兵	8
没收	8
买	8
交趾	8
外面	8
罪行	8
谴责	8
早晚	8
蛮族	8
董昭	8
河间	8
骄傲	8
爱	8
接待	8
津	8
大小	8
盖	8
新	8
虏	8
款待	8
饭	8
背	8
资本	8
仰慕	8
怎样	8
够	8
苏不韦	8
想法	8
黄琬	8
殿下	8
决断	8
这么	8
叫	8
气	8
代替	8
鸡	8
顾	8
处罚	8
列	8
奖赏	8
竞相	8
沿	8
昌	8
传达	8
地上	8
何苗	8
坚固	8
必须	8
奸臣	8
拖延	8
逃命	8
曰	8
计谋	8
往往	8
拥立	8
宫廷	8
减少	8
一切	8
拿	8
统治	8
打开	8
阻止	8
严守	8
锐气	8
为此	8
庞羲	8
江东	8
桓阶	8
百万	8
善恶	8
谈	8
出城	8
小事	8
初五	8
私下	8
相遇	8
渡	8
平安	8
郑泰	8
曹嵩	8
泰山郡	8
风俗	8
衰败	8
灾	8
说服	8
囚车	8
以致	8
二十二	8
边疆	8
出动	8
愈	8
君子	8
举	8
物品	8
一致	8
遇上	8
困	8
轻视	8
享有	8
辜负	8
筑	8
国王	8
依照	8
庚子	8
忠贞	8
米	8
骑马	8
新近	8
经	8
守军	8
赶上	8
罚	8
回家	8
贤良	8
到底	8
侍卫	8
蒙受	8
老师	8
劝告	8
太平	8
范围	8
句	8
战马	8
骁勇	8
李术	8
奢侈	8
征调	8
亲	8
愚昧	8
刘岱	8
李乐	8
疲惫	8
过人	8
灾难	8
骑士	8
桥	8
疑心	8
三辅	8
路上	8
何必	8
内心	8
冀城	8
单	8
子孙	8
虞舜	8
搜刮	8
金城	8
淮河	8
边	8
调解	8
埋葬	8
淹死	8
报答	8
独自	8
困境	8
宗族	8
喜爱	8
壬子	8
是否	8
威震	8
请托	8
重要	8
人选	8
姜肱	8
反抗	8
甘陵	8
目的	8
痛恨	8
赵温	7
作罢	7
部曲	7
山越	7
志	7
尉	7
哭泣	7
年号	7
二百	7
隐藏	7
匠	7
盟誓	7
无力	7
审配	7
检举	7
申诉	7
陈元	7
荀爽	7
国相	7
壮士	7
杀戮	7
当年	7
追随	7
严重	7
刑	7
房屋	7
刘陶	7
陆康	7
皇室	7
羞辱	7
相信	7
内容	7
部众	7
孝子	7
不堪	7
结	7
违抗	7
讨论	7
尊敬	7
巳	7
藏	7
值得	7
胡广	7
居	7
孝顺	7
善良	7
击溃	7
李典	7
紧急	7
田	7
苦役	7
侯音	7
裴潜	7
运输	7
十五	7
容	7
孝桓	7
敬重	7
江南	7
延熹	7
宠信	7
二十一	7
山阳	7
诸将	7
十六	7
托付	7
床	7
那时	7
协助	7
携带	7
全家	7
自保	7
离	7
假	7
各位	7
临	7
侄儿	7
心里	7
氐	7
京兆	7
辽	7
兼	7
深厚	7
峭王	7
舍弃	7
狗	7
到来	7
敬	7
召回	7
娶	7
熟悉	7
犯法	7
有罪	7
军师	7
实行	7
变异	7
扶	7
圣	7
农业	7
品行	7
较	7
偏	7
犍为	7
抗拒	7
唯独	7
刘焉	7
坚持	7
勃然大怒	7
史弼	7
勋	7
汝	7
脸色	7
晚	7
艘	7
突围	7
濮阳	7
获	7
王畅	7
可能	7
西边	7
大肆	7
主管	7
父老	7
食	7
少府	7
纵火	7
损害	7
汉高祖	7
言语	7
尽忠	7
翻	7
蒋干	7
内地	7
统	7
树木	7
散	7
陷	7
避难	7
襄楷	7
八百	7
战功	7
县府	7
叛民	7
人人	7
孝廉	7
汇报	7
竭力	7
王睿	7
态度	7
联盟	7
横行	7
齐	7
附	7
功臣	7
号称	7
兵器	7
崔烈	7
交付	7
白	7
故	7
剩下	7
泪	7
用来	7
有些	7
悬赏	7
连年	7
正常	7
四千	7
拷打	7
除去	7
刘和	7
领兵	7
通达	7
果断	7
饮食	7
护送	7
规定	7
勇士	7
头颅	7
解散	7
专权	7
年轻	7
冒犯	7
平民	7
紧	7
杀人	7
追究	7
大局	7
法律	7
侍奉	7
臣子	7
外表	7
监督	7
京师	7
澄清	7
宣	7
煨	7
苍梧	7
需要	7
南方	7
严白虎	7
指	7
托	7
军务	7
尺	7
圣人	7
仗恃	7
鲍信	7
运	7
生产	7
呈上	7
官兵	7
盛	7
屯田	7
忠诚	7
手持	7
惊恐	7
父	7
军心	7
封地	7
安心	7
家眷	7
城池	7
巴西	7
召募	7
目前	7
楼	7
高柔	7
京	7
霸	7
潼关	7
战士	7
自行	7
骂	7
自然	7
撤回	7
水军	7
真正	7
上报	7
逢纪	7
方面	7
合肥	7
焚烧	7
君	7
出卖	7
催促	7
准许	7
吏	7
残部	7
侵	7
给予	7
征求	7
门下	7
往来	7
侯爵	7
内应	7
数千	7
皇上	7
砍	7
吴巨	7
戒备	7
黄金	7
种邵	7
坚决	7
责任	7
亿	7
追求	7
许县	7
吧	7
放逐	7
合适	7
恨	7
周公	7
丁	7
思念	7
赵苞	7
掠夺	7
管仲	7
太中	7
至于	7
纪	7
纪灵	6
围困	6
上宾	6
的确	6
郊外	6
劳苦	6
杨定	6
谋反	6
祖郎	6
拼死	6
凶暴	6
野心	6
谄媚	6
疲惫不堪	6
十七	6
关押	6
京兆尹	6
声望	6
塞外	6
万一	6
州府	6
孙贲	6
贪赃枉法	6
政绩	6
汝南	6
升任	6
大战	6
夹击	6
祖父	6
招来	6
壕沟	6
挖	6
越过	6
随意	6
为所欲为	6
陈仓	6
荀谌	6
于毒	6
辛毗	6
不满	6
男女	6
陈纪	6
杨阜	6
重大	6
谈话	6
兴盛	6
太子	6
移	6
图	6
死刑	6
舆论	6
虚伪	6
司马懿	6
规劝	6
眭固	6
实际	6
养	6
死战	6
甲	6
任何	6
五官	6
找到	6
块	6
供养	6
堵塞	6
富裕	6
驾	6
贫困	6
存在	6
边界	6
选用	6
些	6
收集	6
钱财	6
道歉	6
决心	6
威	6
戊午	6
辩	6
乱世	6
辛亥	6
防备	6
深为	6
上去	6
优待	6
贡献	6
金尚	6
缺少	6
妹妹	6
颁布	6
命运	6
惋惜	6
邢	6
起事	6
动手	6
酷刑	6
分出	6
酒宴	6
顺应	6
暂且	6
会面	6
出众	6
奏请	6
卜阳	6
擅长	6
生活	6
田晏	6
大丈夫	6
树立	6
晋	6
三千	6
徐宣	6
维持	6
攻占	6
增多	6
二十九	6
大笑	6
幽	6
黎阳	6
想到	6
绝	6
考察	6
悲伤	6
斗志	6
效法	6
大逆不道	6
看法	6
弘农	6
随便	6
邀请	6
饮酒	6
高尚	6
德行	6
书写	6
鸟	6
行进	6
报	6
除	6
零陵郡	6
作出	6
道义	6
需	6
三百	6
出击	6
出面	6
北寺	6
继位	6
匈奴人	6
遍布	6
田野	6
晦	6
远方	6
袁逢	6
袁闳	6
少年	6
殷	6
奉承	6
偷偷	6
迁到	6
汉阳	6
黄权	6
侄子	6
堂兄	6
蜀郡	6
黄忠	6
强迫	6
岑	6
掩护	6
藏匿	6
困苦	6
经典	6
仿效	6
清晨	6
发起	6
郝普	6
索取	6
土	6
阴阳	6
十九	6
冰雹	6
份	6
裁决	6
白马	6
陈留王	6
心腹	6
逃回	6
皖城	6
豫章	6
甘愿	6
消除	6
死罪	6
限制	6
丧失	6
报复	6
挽救	6
郭援	6
辽西	6
参加	6
耻辱	6
传言	6
陷害	6
郑浑	6
梁兴	6
陈群	6
美女	6
关键	6
降临	6
深山	6
扩大	6
官渡	6
绶带	6
高祖	6
身体	6
征伐	6
回军	6
魏昭	6
场	6
加强	6
分之	6
从此以后	6
勉励	6
二心	6
大鸿胪	6
名士	6
避开	6
自以为	6
隐居	6
皇甫郦	6
那个	6
慢慢	6
否则	6
来往	6
怪异	6
后患	6
对手	6
魏郡	6
郑宝	6
接	6
颁	6
密封	6
变	6
结成	6
打猎	6
重赏	6
鄄城	6
合力	6
加重	6
首先	6
骨肉	6
颜良	6
东西	6
遇	6
哭	6
乐于	6
越发	6
对峙	6
倘若	6
抚养	6
兼并	6
犯罪	6
之所以	6
告诫	6
举动	6
丙戌	6
说道	6
禁忌	6
苛刻	6
邓猛	6
张磐	6
剩	6
涿郡	6
司马徽	6
进兵	6
先行	6
斛	6
灭	6
求情	6
到处	6
马匹	6
交纳	6
船只	6
为政	6
谷价	6
多数	6
苏飞	6
反对	6
弓弩	6
抓住	6
更换	6
宅第	6
邑	6
相见	6
驱赶	6
周	6
心意	6
作官	6
符	6
声威	6
大多	6
心怀	6
曹掾	6
濡须	6
智慧	6
戊辰	6
迟疑	6
变故	6
参预	6
交谈	6
图谋	6
罢黜	6
距	6
著	6
顺	6
死亡	6
吾	6
忍受	6
详细	6
韩融	6
拷问	6
忠心	6
或许	6
召唤	6
强兵	6
士仁	6
山谷	6
实现	6
设宴	6
世上	6
福	6
委派	6
信奉	6
上前	6
处斩	6
支持	6
分为	6
苏	6
砍下	6
秣陵	6
联络	6
叱责	6
数万	6
被捕	6
乘势	6
正人君子	6
后方	6
年纪	6
谋士	6
征战	6
乘坐	6
半	6
强悍	6
王芬	6
布	6
养子	6
无辜	6
训	6
所属	6
门徒	6
当面	6
早日	6
怎么样	6
板人	6
创立	6
儒	6
努力	6
抨击	6
刘邦	6
项羽	6
食邑	6
占	6
候	6
丰厚	6
高位	6
主张	6
备	6
地步	6
兼程	6
预料	6
闻名	6
费用	6
胜负	6
胡	6
左昌	6
增	6
天上	6
礼物	6
犹豫不决	6
儒家	6
志愿	6
嫁	6
祸害	6
牛	6
有余	6
解救	6
翟超	6
西方	6
正确	6
遇见	6
周慎	6
刘望之	6
擒获	6
才智	6
分兵	6
离散	6
孟佗	6
选	6
观	6
初七	6
张举	6
宋翼	6
马上	6
王宏	6
生气	6
升迁	6
劫掠	6
公安	6
牛辅	6
恶人	5
奸	5
邪	5
主意	5
常山	5
国人	5
方才	5
问题	5
星座	5
好好	5
迹象	5
朕	5
遗	5
取出	5
帛	5
辛巳	5
屠杀	5
庚申	5
二十七	5
邓	5
张泛	5
包围圈	5
神	5
连夜	5
包括	5
在内	5
争权夺利	5
互	5
超越	5
最近	5
耕作	5
说明	5
赴任	5
途中	5
毁	5
地道	5
九江	5
罪责	5
停留	5
欲望	5
外甥	5
辛评	5
游说	5
燕	5
边塞	5
忽略	5
闰	5
夜间	5
大雨	5
大水	5
回救	5
他人	5
疑惑	5
仇怨	5
存	5
交出	5
军权	5
吉祥	5
征兆	5
遣	5
以便	5
叔父	5
饿	5
享受	5
里面	5
雍丘	5
党徒	5
大量	5
尚书台	5
年间	5
帽子	5
斥退	5
司	5
隶	5
车马	5
仇	5
徭役	5
送回	5
是非	5
辛苦	5
皇子	5
十四	5
见面	5
祸患	5
精	5
顺从	5
唐衡	5
富有	5
所在地	5
毒	5
霸王	5
虎	5
自负	5
郑	5
潘鸿	5
再说	5
称臣	5
五十	5
先锋	5
算	5
争斗	5
拥	5
得罪	5
武都	5
天意	5
正式	5
除掉	5
大概	5
危难	5
应付	5
壬午	5
形成	5
挟持	5
贬为	5
陈琳	5
利害	5
奖励	5
结党	5
豪门	5
文章	5
晚上	5
治罪	5
侯成	5
行将	5
安	5
大为	5
德政	5
护驾	5
诸位	5
即位	5
孙翊	5
此外	5
廉洁	5
食物	5
起草	5
炫耀	5
千万	5
传统	5
职责	5
赶来	5
仇敌	5
草	5
铲除	5
孙子	5
进取	5
黄龙	5
说出	5
屠	5
长者	5
错过	5
制定	5
亭	5
谚语	5
光	5
赦令	5
原本	5
制服	5
客人	5
好友	5
女	5
系	5
刑具	5
不利	5
勇敢	5
作用	5
四百	5
饿死	5
猛攻	5
许靖	5
营救	5
贾彪	5
指责	5
风气	5
宁	5
祭酒	5
级	5
供	5
点火	5
带领	5
府中	5
修整	5
和解	5
保守	5
上策	5
具瑷	5
死伤	5
贫穷	5
待人	5
征聘	5
自相残杀	5
己	5
战胜	5
真的	5
渐	5
甲申	5
勉强	5
慰问	5
军士	5
攻城	5
脸	5
节制	5
晋国	5
现象	5
张既	5
北边	5
旁边	5
照顾	5
厚待	5
前面	5
不止	5
趁着	5
李膺	5
处分	5
臣属	5
泄漏	5
沸腾	5
大批	5
虞	5
既已	5
冯翊	5
胸	5
外族	5
迎击	5
三互法	5
日子	5
接见	5
战斗	5
李笃	5
单独	5
为何	5
冯	5
稳定	5
肉刑	5
做事	5
意图	5
预先	5
十几	5
身穿	5
逃入	5
吐血	5
屯骑	5
关	5
约束	5
比作	5
威名	5
一连	5
谢罪	5
获胜	5
深深	5
越来越	5
为害	5
郡国	5
益阳	5
公主	5
到职	5
丧事	5
结盟	5
青	5
爰延	5
动摇	5
刘宏	5
汉灵帝	5
处于	5
冲	5
孙辅	5
分散	5
东部	5
祭奠	5
街市	5
回头	5
东征	5
私	5
治病	5
斗	5
优厚	5
规章	5
稍稍	5
弃	5
更为	5
呈	5
责问	5
张任	5
言谈	5
恰好	5
指使	5
寻找	5
刘猛	5
当天	5
朝见	5
呐喊	5
敌阵	5
崛起	5
但愿	5
进言	5
厚	5
东汉	5
之辈	5
败坏	5
贵	5
暴露	5
享	5
奴仆	5
尸	5
孙河	5
逃奔	5
毒药	5
西山	5
霍峻	5
於扶罗	5
沔水	5
升	5
病人	5
图谋不轨	5
厉声	5
御用	5
营盘	5
堑壕	5
整顿	5
毒酒	5
顺着	5
远远	5
上马	5
经营	5
阻拦	5
改立	5
佛教	5
定罪	5
忍	5
程度	5
庞德公	5
交通	5
分布	5
江	5
败退	5
吕范	5
声音	5
谋划	5
柳城	5
司马光	5
部署	5
望	5
薄	5
贪官	5
加紧	5
重用	5
载	5
吊丧	5
岸	5
与其	5
抢劫	5
平阳	5
眼睛	5
五百	5
邓万世	5
领	5
保卫	5
冠	5
称病	5
谈论	5
颍川	5
休息	5
丹阳郡	5
儒生	5
取代	5
遵守	5
中丞	5
州郡	5
赶	5
谯县	5
祝贺	5
山东	5
祸福	5
渐渐	5
王成	5
改名换姓	5
理	5
持节	5
中黄门	5
周泰	5
初	5
上任	5
举发	5
惩处	5
今年	5
迷惑	5
东边	5
时期	5
诏	5
汉人	5
刘茂	5
戊寅	5
杨秋	5
患病	5
黄盖	5
置	5
受伤	5
过于	5
凶恶	5
在家	5
猜忌	5
荣宠	5
言论	5
穷困	5
集合	5
棺木	5
死者	5
遵从	5
胡才	5
泰山	5
弘农郡	5
嫁给	5
入狱	5
富庶	5
救兵	5
秉	5
伊尹	5
萧何	5
讥讽	5
造成	5
才华	5
婚姻	5
以至	5
汉昌	5
唯有	5
西河	5
地盘	5
面	5
乘车	5
陕	5
孝献	5
事先	5
施加	5
权	5
谋害	5
城内	5
蒋琬	5
免去	5
严密	5
收缴	5
得志	5
雍	5
宽	5
善战	5
个人	5
局面	5
将帅	5
酸枣	5
感慨	5
师	5
遭	5
财富	5
孔子	5
马鞍	5
武威	5
掠	5
初二	5
郑飒	5
法纪	5
朱皓	5
侵扰	5
空虚	5
程璜	5
大王	5
贬	5
连接	5
贤王	5
申屠蟠	5
整个	5
往	5
将来	5
汉武帝	5
张成	5
故主	5
学习	5
大人	5
指出	5
蒋济	5
错误	5
答复	5
杨乔	5
仁爱	5
声名	5
分开	5
发布	5
长矛	5
大姓	5
乡侯	5
空	5
的话	5
永乐	5
吉邈	5
王必	5
戴上	5
郑玄	5
导致	5
大举	5
严刑	5
召来	5
交州	5
责打	5
恭敬	5
癸巳	5
迁移	5
举荐	5
租税	5
黄允	5
愈来愈	5
字	5
门客	5
归还	5
渭水	5
阎柔	5
地下	5
汗国	5
葬	5
血	5
不计其数	5
私自	5
年幼	5
肃	5
战争	5
火	5
后路	5
郭淮	5
参	5
上谷郡	5
士燮	5
舍	5
恰	5
扔	5
周到	4
自立	4
争相	4
上缭	4
征集	4
张颢	4
时局	4
用意	4
明帝	4
取消	4
原谅	4
体恤	4
鸿都门	4
学校	4
特	4
水灾	4
泛滥	4
北岸	4
酉	4
初八	4
姓名	4
终身	4
龙	4
暴	4
忠于	4
无故	4
老母	4
督察	4
强弱	4
视听	4
墓	4
宜都	4
高声	4
曲阿	4
郡守	4
过问	4
边远	4
二十六	4
挑战	4
醒悟	4
众多	4
土山	4
浅	4
最高	4
行政	4
雒城	4
排斥	4
彻底	4
八十	4
伏兵	4
延津	4
广陵郡	4
玺	4
收藏	4
放火	4
绑	4
抽	4
解释	4
有的是	4
驱逐	4
泥泞	4
豪帅	4
早晨	4
逼	4
下属	4
宣陵	4
怀柔	4
残破	4
傲慢	4
欲	4
大罪	4
在座	4
僚	4
肱	4
饱	4
孤立	4
朔	4
围城	4
初六	4
弄虚作假	4
呼应	4
英明	4
激烈	4
建都	4
历时	4
南部	4
兄长	4
巴肃	4
坐等	4
动荡	4
观望	4
贾琮	4
虑	4
巨鹿	4
担当	4
铸造	4
廷尉狱	4
苦	4
贼寇	4
阅兵	4
运粮	4
帝位	4
和洽	4
深重	4
建宁	4
制造	4
宝物	4
统治者	4
流离失所	4
提议	4
尊号	4
颇为	4
智	4
渡口	4
奉命	4
部门	4
高级	4
收拾	4
穷	4
士气	4
上述	4
山冰	4
飒	4
呈递	4
清高	4
无论	4
威武	4
数以千计	4
明主	4
十八	4
七千	4
庚寅	4
肥沃	4
勇气	4
发号施令	4
拍手	4
凉	4
考核	4
大志	4
委	4
辽东郡	4
苏仆延	4
恩情	4
年老	4
癸酉	4
二十四	4
停	4
掳掠	4
美酒	4
犯下	4
射声	4
生下	4
急迫	4
面见	4
布告	4
吴匡	4
相国	4
军威	4
西羌	4
猜疑	4
仁慈	4
奔驰	4
兴国	4
山贼	4
庄稼	4
答	4
处在	4
事态	4
道德	4
火灾	4
扣留	4
济南	4
员	4
安国	4
流传	4
忧患	4
冤	4
秩	4
东羌	4
总是	4
准	4
许栩	4
孟津	4
边境	4
严格	4
执行	4
干预	4
庚辰	4
庚午	4
境外	4
强敌	4
耕种	4
读书	4
馈赠	4
伐	4
周朝	4
排列	4
广汉	4
李严	4
费观	4
赐予	4
张羡	4
罪犯	4
户口	4
讲授	4
不义	4
榜样	4
清白	4
过分	4
淹没	4
凶	4
大典	4
家境	4
军费	4
掌管	4
运送	4
留驻	4
会师	4
做到	4
房	4
终	4
礼遇	4
悄悄	4
远离	4
铁	4
营门	4
弓	4
认识	4
惊异	4
忠良	4
祥瑞	4
算计	4
一会儿	4
厕所	4
喜好	4
寇	4
灾变	4
保持	4
拉拢	4
表达	4
接管	4
老虎	4
豺狼	4
自身	4
跟着	4
覆亡	4
张曼成	4
幽禁	4
羌族	4
何夔	4
抵	4
威权	4
对策	4
志向	4
中伤	4
相待	4
客	4
怀有	4
每当	4
手下	4
相应	4
奇怪	4
纳	4
名节	4
自动	4
羽林	4
鬼神	4
福佑	4
容忍	4
进谏	4
病重	4
虞翻	4
海内	4
偏远	4
山区	4
从容	4
还给	4
训练	4
四面	4
兵权	4
招集	4
煮	4
饥荒	4
蔓延	4
联名	4
单匡	4
嫉妒	4
恳切	4
扔掉	4
乳母	4
上司	4
以往	4
看望	4
团结	4
使臣	4
檄文	4
诋毁	4
癸	4
拥挤	4
胜任	4
李肃	4
防范	4
窦妙	4
陈耽	4
大致	4
败走	4
羡慕	4
当机立断	4
朱光	4
女子	4
随后	4
黄浮	4
明天	4
战死	4
谋	4
校营	4
相等	4
极力	4
孙瑞	4
庐陵	4
责令	4
荆棘	4
妄	4
颠倒	4
城上	4
擂鼓	4
甲胄	4
禁军	4
俊杰	4
效命	4
之前	4
凡	4
削弱	4
王邑	4
固	4
一般	4
李固	4
鲁子敬	4
顾忌	4
门外	4
至尊	4
阻断	4
致死	4
不少	4
夏口	4
基业	4
拥护	4
卒	4
雄才大略	4
奉迎	4
纵	4
理应	4
得失	4
篇	4
绸缎	4
忠言	4
无论是	4
几千	4
情愿	4
言行	4
周福	4
尽早	4
刺客	4
袁赦	4
鲜于辅	4
恼怒	4
辑	4
击	4
啊	4
完	4
以外	4
解开	4
舞阳君	4
装备	4
刘度	4
追到	4
干	4
依仗	4
实力	4
焦触	4
冀	4
属官	4
魏讽	4
出军	4
充当	4
管霸	4
官爵	4
繁多	4
尚书郎	4
大司马	4
出狱	4
东莱	4
获罪	4
珍宝	4
取	4
鱼	4
交往	4
解决	4
友好	4
从今以后	4
归服	4
死讯	4
耿	4
丁巳	4
窗口	4
贤	4
双	4
丙申	4
所到之处	4
方圆	4
万物	4
满足	4
潘浚	4
梓潼	4
眼	4
整齐	4
感	4
攻入	4
拨给	4
中途	4
争先恐后	4
郡城	4
乘船	4
徐盛	4
南岸	4
免于	4
效果	4
遴选	4
第	4
免罪	4
济北	4
判断	4
善人	4
暴乱	4
朱穆	4
畿	4
孤军	4
封赏	4
初四	4
神明	4
祖宗	4
听信	4
无计可施	4
选派	4
声势	4
显赫	4
投入	4
诟	4
聚	4
稍	4
穰城	4
鲁国	4
孔褒	4
出使	4
反复无常	4
谒	4
周毖	4
伍琼	4
阳平	4
丙午	4
打	4
乐松	4
之外	4
夫	4
登高	4
丰富	4
分割	4
海	4
蛮	4
富贵	4
蝗虫	4
颍川郡	4
观看	4
病死	4
镇西	4
城外	4
季	4
孤单	4
中午	4
全体	4
柄	4
零	4
立功	4
传	4
不但	4
辛	4
合葬	4
危害	4
临时	4
赵昱	4
拔出	4
闭口	4
筹划	4
怨愤	4
示弱	4
统兵	4
徒步	4
官署	4
桥蕤	4
周公瑾	4
胆略	4
陆口	4
招募	4
许生	4
利于	4
黑色	4
红色	4
大门	4
堤	4
渑池	4
教训	4
不幸	4
争执	4
首尾	4
仆射	4
专用	4
己巳	4
用人	4
中平	4
有利	4
金银财宝	4
尊重	4
寝	4
内部	4
赴	4
世代	4
周文王	4
羌渠	4
疆土	4
险	4
器	4
小沛	4
昏	4
且	4
以求	4
安帝	4
浑浊	4
山阳郡	4
鲁阳	4
内乱	4
侧	4
蒋钦	4
计算	4
等级	4
管统	4
郗虑	4
秉承	4
商	4
不然	4
讲解	4
不停	4
气节	4
骚扰	4
坏	4
辞职	4
安慰	4
关头	4
预言	4
布满	4
供给	4
辱骂	4
甲寅	4
祭	4
持久	4
纵横	4
忌惮	4
归于	4
家产	4
有病	4
头发	4
收到	4
迎合	4
赵昂	4
赵娆	4
逃到	4
陷于	4
夷人	4
度辽	4
轻重	4
城楼	4
张贤	4
给以	4
回报	4
卫国	4
捆绑	4
节省	4
变成	4
属于	4
杰出	4
呈送	4
苏正和	4
出其不意	4
出于	4
仇恨	4
放松	4
伯	4
打消	4
对方	4
稍微	4
普通人	4
临死	4
孤儿	4
辞去	4
老子	4
典	4
赶赴	4
崔琦	4
求学	4
河北	4
危亡	4
樊	4
长离	4
滥	4
丘力居	4
谷	4
清楚	4
姬旦	4
后世	4
坛	4
边郡	4
座	4
正妻	4
圣旨	4
痛哭	4
归属	4
雨	4
贫民	4
张梁	4
秩序	4
收取	4
居民	4
贼人	4
盟主	4
坞	4
阜	4
议案	4
收获	4
一边	4
微贱	4
中国	4
男女老幼	4
一网打尽	4
人家	4
温和	4
缺	4
五万	4
降低	4
任务	4
头巾	4
前锋	4
回营	4
敢于	4
赤	4
周武王	4
手段	4
繁钦	4
刺杀	4
六十	4
新野	4
术	4
次序	4
魏桓	4
名将	4
文学	4
严颜	4
尽到	4
称颂	4
呵斥	4
陆	4
要塞	4
西征	4
被迫	4
违反	4
辩解	4
霍光	4
齐国	4
冲击	4
无罪	4
勃海郡	4
贪婪	4
扩充	4
请罪	4
镇压	4
中兴	4
周景	4
丧服	4
会稽郡	4
乐安	4
变乱	4
痛苦	4
麋芳	4
推进	4
反省	4
功曹	4
赵凯	4
骄纵	4
夏馥	4
把守	4
城邑	4
指令	4
回乡	3
收容	3
刘偕	3
陵	3
减损	3
亲眼	3
住处	3
式样	3
回想	3
小民	3
丁未	3
种辑	3
煽动	3
打击	3
关内侯	3
操	3
学问	3
不得已	3
江州	3
分送	3
放肆	3
双亲	3
废除	3
靠近	3
田地	3
武功	3
游学	3
混淆	3
派到	3
不法	3
牧刘表	3
少数	3
部族	3
万岁	3
吴景	3
根据地	3
方正	3
不得不	3
鲜	3
于辅	3
日期	3
会战	3
侮辱	3
圈	3
淮南	3
拱手	3
辞别	3
进而	3
患难	3
深知	3
特地	3
嗜好	3
臣僚	3
乘胜	3
献给	3
武阳	3
赶回	3
恐慌	3
大骂	3
奴才	3
决策	3
地带	3
备受	3
李利	3
相交	3
张掖郡	3
恰巧	3
于禁	3
开路	3
开导	3
发出	3
法	3
辨明	3
俊	3
信誉	3
自知	3
作主	3
出营	3
强弩	3
厚恩	3
依据	3
朝歌	3
吴质	3
计议	3
暗地里	3
督促	3
恐吓	3
屈服	3
耕田	3
垂	3
枣祗	3
感情	3
病势	3
木材	3
战事	3
价格	3
加倍	3
薄弱	3
伤	3
郯县	3
行人	3
管承	3
淳于	3
德阳	3
亩	3
用以	3
铜	3
肃清	3
守将	3
怀念	3
散开	3
乙巳	3
相继	3
事实	3
门生	3
蔡质	3
意愿	3
施展	3
汉桓帝	3
敏捷	3
诛	3
评价	3
优劣	3
提拔	3
截断	3
河边	3
华盖	3
伞	3
王萌	3
点	3
颜俊	3
卞	3
立志	3
插	3
什么样	3
朝服	3
宣称	3
父兄	3
和平	3
范	3
妾	3
识	3
真实	3
邮	3
规划	3
苑	3
农民	3
承当	3
拖	3
大发雷霆	3
同等	3
薪俸	3
同样	3
所在	3
呼吸	3
养育	3
送行	3
告状	3
魏续	3
人臣	3
警戒	3
精神	3
许昭	3
棵	3
欢悦	3
慰劳	3
远征	3
徐翕	3
毛晖	3
下狱	3
感化	3
秦松	3
怀	3
几十	3
沮俊	3
政	3
轻易	3
军官	3
派出	3
良将	3
阳安郡	3
问罪	3
蓟城	3
家门	3
尤其	3
同心	3
保	3
农夫	3
清平	3
恭顺	3
冒充	3
张敞	3
近来	3
退军	3
凿	3
论	3
艰难	3
不同寻常	3
利	3
访求	3
结党营私	3
知已	3
遗留	3
驾驭	3
刻薄	3
评议	3
老人	3
警告	3
遗漏	3
诉	3
软弱	3
冰	3
谋杀	3
须卜	3
凭借	3
初平	3
安危	3
措施	3
纵容	3
紧闭	3
跪拜	3
商纣王	3
许训	3
辨别	3
本地	3
顺序	3
评	3
扬武	3
阎温	3
糜竺	3
迁徒	3
跟从	3
靳允	3
庆贺	3
享年	3
分辨	3
社会	3
赏罚分明	3
世事	3
山中	3
会见	3
送信	3
旧友	3
时势	3
察	3
多加	3
如意	3
残忍	3
娘家	3
谦恭	3
军中	3
降下	3
猛击	3
荥阳	3
徐荣	3
治中	3
谈到	3
上路	3
退路	3
麴义	3
世子	3
楚国	3
喜	3
忘记	3
记得	3
耳	3
王粲	3
旧情	3
反常	3
悔悟	3
佩带	3
解	3
羊元群	3
控告	3
冒	3
引	3
符融	3
赞叹	3
送交	3
一共	3
社稷	3
折断	3
倾覆	3
郭贡	3
中立	3
押解	3
陇西	3
狐疑	3
当场	3
车子	3
全胜	3
抑制	3
孟贲	3
争霸	3
面对	3
毒蛇	3
践踏	3
许汜	3
王楷	3
败亡	3
无缘无故	3
痛心	3
辛酉	3
闻知	3
降服	3
献出	3
申明	3
交换	3
范方	3
征询	3
勇	3
毛钦	3
一会	3
漂	3
深谷	3
尽心尽力	3
安置	3
建造	3
耳目	3
流窜	3
幸免	3
殷纣王	3
训诲	3
晋文公	3
诚心	3
乌延	3
收回	3
期间	3
多方	3
丁原	3
看来	3
后退	3
长水	3
谦卑	3
盛名	3
尊崇	3
看守	3
点燃	3
亲密	3
送去	3
好比	3
稀饭	3
进食	3
回顾	3
鉴戒	3
张卫	3
山上	3
奶妈	3
刮	3
大风	3
遵循	3
匡正	3
独	3
疏勒	3
镇东	3
承袭	3
卫羽	3
妃子	3
愈发	3
北海郡	3
不论	3
程	3
满意	3
办	3
五百万	3
泗水	3
平庸	3
无能	3
名誉	3
公正	3
乐意	3
紧密	3
数目	3
历数	3
奋武	3
郦	3
长安城	3
仔细	3
洽	3
后代	3
数百	3
刺	3
手臂	3
号	3
故土	3
兵灾	3
殆尽	3
见解	3
九真郡	3
日南郡	3
设法	3
美名	3
天命	3
尽心	3
八千	3
赵谦	3
皇族	3
策	3
功德	3
木柱	3
广成苑	3
上林苑	3
动员	3
放荡	3
尹楷	3
粮道	3
孙高	3
傅婴	3
献计	3
诉冤	3
闹市	3
平时	3
情势	3
立下	3
陇西郡	3
服装	3
辞行	3
旌旗	3
皇亲国戚	3
赏罚	3
火把	3
装	3
仲长统	3
名分	3
病故	3
失	3
廷	3
不惜	3
粗暴	3
合并	3
孙韶	3
投	3
侥幸	3
刑法	3
东门	3
多疑	3
杨昂	3
抱	3
刘禅	3
党禁	3
俭	3
乃	3
羌众	3
射虎谷	3
儿媳	3
劝勉	3
歌颂	3
丁丑	3
机构	3
擅	3
吐	3
杜众	3
直言	3
四海	3
扎下	3
续	3
安平	3
编	3
首	3
赦	3
相邻	3
听取	3
渔阳	3
临阵	3
二十万	3
桂阳郡	3
帅	3
杖	3
可惜	3
蛮夷	3
现今	3
放任	3
逐	3
政局	3
依	3
疑兵	3
亡	3
说情	3
念头	3
章	3
赞美	3
沿途	3
进来	3
诏令	3
亲手	3
动乱	3
程畿	3
积	3
余党	3
厉害	3
独断专行	3
檀石槐	3
继任	3
赵浮	3
陈兰	3
程银	3
侯选	3
卢龙塞	3
安营	3
癸卯	3
狱吏	3
夸耀	3
敛	3
堆	3
饲养	3
梁皇后	3
隔绝	3
下葬	3
避免	3
丰收	3
身处	3
向善	3
地面	3
怜悯	3
损坏	3
鄙	3
复兴	3
约	3
具	3
规格	3
缉拿	3
奸恶	3
丧	3
指示	3
会商	3
赐给	3
绝交	3
得法	3
思	3
驱使	3
吃饭	3
统军	3
镇南	3
莒县	3
阵前	3
说到	3
表彰	3
烧掉	3
戴员	3
嘴	3
结束	3
舅父	3
效劳	3
拔	3
气度	3
长沙郡	3
募兵	3
板	3
守住	3
进逼	3
凭空	3
右手	3
田圣	3
杀伤	3
计较	3
多少	3
心悦诚服	3
酒店	3
佣工	3
后裔	3
将近	3
卓著	3
贪	3
田租	3
定陶	3
尸首	3
震怒	3
相处	3
有益	3
末	3
寡不敌众	3
申	3
怪	3
益处	3
顾及	3
借机	3
影响	3
庭院	3
自我	3
姻亲	3
只身	3
稀少	3
说法	3
堤堰	3
河	3
毁坏	3
残害	3
绫罗绸缎	3
宗资	3
鼓声	3
分崩离析	3
威风	3
滇	3
失掉	3
居于	3
韩信	3
一概	3
惶恐不安	3
摧毁	3
转而	3
灭族	3
胆识	3
中等	3
久留	3
奸人	3
增援	3
告	3
一千万	3
危机	3
王匡	3
执法	3
佩刀	3
过来	3
赵衢	3
胆怯	3
临别	3
亲兵	3
蒙	3
军法	3
圣贤	3
北地郡	3
唐尧	3
挥	3
庆幸	3
郭闳	3
洒	3
侍女	3
共享	3
转移	3
忧愁	3
一百万	3
死尸	3
国渊	3
效死	3
辽西郡	3
审查	3
核实	3
通晓	3
一空	3
友善	3
交谊	3
人力	3
二十五	3
联军	3
友爱	3
修造	3
贵族	3
亲善	3
闽	3
扎营	3
单薄	3
进封	3
建业	3
田银	3
喊道	3
背弃	3
宁可	3
分明	3
绳子	3
调	3
制止	3
逃兵	3
脖子	3
别处	3
屯驻	3
射箭	3
薛礼	3
宴席	3
清明	3
惩治	3
内讧	3
长出	3
土崩瓦解	3
飞	3
欣赏	3
发誓	3
形式	3
祸	3
夷陵	3
壮	3
妖	3
战鼓	3
处处	3
孔	3
足	3
象征	3
墙	3
废掉	3
距离	3
驻地	3
氐人	3
城北	3
刘淑	3
虚	3
流水	3
蒙冲	3
察觉	3
单人	3
匹马	3
秭归	3
貊	3
下手	3
淳于式	3
围住	3
审讯	3
永初	3
汉川	3
大道	3
故地	3
依赖	3
奋战	3
长社	3
皇	3
估量	3
向栩	3
问道	3
回归	3
刘艾	3
荒野	3
易	3
恩宠	3
宠	3
奋力	3
军功	3
随同	3
无终县	3
汉阳郡	3
特权	3
副	3
败露	3
接收	3
保住	3
动用	3
高楼	3
克制	3
假传	3
军马	3
即将	3
锋	3
警卫	3
戒备森严	3
落到	3
致意	3
彭泽	3
戊戌	3
酒泉郡	3
得知	3
蔡瑁	3
张允	3
她们	3
品评	3
存粮	3
农耕	3
国土	3
不解	3
乐安郡	3
楚	3
贬低	3
奔走	3
西州	3
邯郸	3
应奉	3
脂	3
丢失	3
懂	3
下马	3
孔丘	3
愁苦	3
丝绵	3
发给	3
凌统	3
解围	3
诸葛玄	3
结为	3
程包	3
女婿	3
古	3
灵柩	3
残酷	3
行军	3
赖恭	3
有名	3
孟达	3
参议	3
雷	3
财	3
胡轸	3
范县	3
震惊	3
布置	3
名正言顺	3
壬戌	3
瘟疫	3
流民	3
游	3
冀县	3
矩	3
勃海王	3
缰绳	3
赵月	3
谏议	3
扣	3
节义	3
端正	3
沮授	3
念	3
成全	3
西域	3
大吃一惊	3
董贵人	3
春	3
仪表	3
宽容	3
估计	3
谏	3
韦	3
杯	3
下边	3
家宅	3
走出	3
拦截	3
失策	3
闻名于世	3
迫于	3
安居	3
教诲	3
泽	3
愚蠢	3
小吏	3
狂妄	3
仗	3
力	3
直指	3
一再	3
重重	3
退到	3
一时	3
大腿	3
迫害	3
碎	3
撤	3
军力	3
公鸡	3
素有	3
外边	3
传到	3
鞭	3
私利	3
董重	3
灵	3
优良	3
深感	3
癸丑	3
齐心协力	3
离心离德	3
让给	3
夏恽	3
外出	3
晋见	3
懿陵	3
雅乐	3
孙寿	3
重罪	3
丧礼	3
情景	3
长子	3
颈	3
朔方郡	3
对质	3
昨天	3
共计	3
许贡	3
敲	3
查看	3
后援	3
溯	3
山川	3
白白	3
亡国	3
长远	3
远大	3
震	3
乙亥	3
牛车	3
朱灵	3
亭长	3
止	3
郭禧	3
张钧	3
骆俊	3
收入	3
流离	3
邻	3
玄菟郡	3
合乎	3
上面	3
相对	3
流下	3
四肢	3
戌	3
反过来	3
反复	3
百般	3
购买	3
调回	3
微薄	3
得逞	3
一下子	3
忧	3
典韦	3
座位	3
断	3
南阳人	3
恶意	3
向上	3
惊恐不安	3
政令	3
患	3
朱汉	3
回信	3
同心协力	3
短浅	3
大恩	3
故意	3
斤	3
压力	3
有勇无谋	3
刘纳	3
张晟	3
五六千	3
吴兰	3
四散	3
枯竭	3
当世	3
扼守	3
发怒	3
调度	3
骂道	3
咬	3
样子	3
缓和	3
效忠	3
胡须	3
出入	3
被子	3
阿谀	3
风	3
情绪	3
松懈	3
全琮	3
张津	3
读	3
武陵郡	3
壬辰	3
采女	3
家家户户	3
绳索	3
忌恨	3
粮秣	3
提高	3
三十万	3
做出	3
安众	3
逐就	3
赵高	3
主将	3
血统	3
攀登	3
好处	3
巩固	3
告辞	3
珍珠	3
焦	3
值	3
智士	3
宠幸	3
思考	3
创作	3
门户	3
豪强	3
阎圃	3
型	3
重兵	3
因素	3
幼	3
储存	3
施舍	3
广大	3
陇山	3
疾病	3
顺服	3
自大	3
跑到	3
商汤	3
张承	3
著名	3
屈居	3
假若	3
有失	3
并进	3
成灾	3
上山	3
猛将	3
似乎	3
椒丘	3
各处	3
战略	3
安顿	3
随从	3
槐里	3
提升	3
马睦	3
胡爽	3
作法	3
任城	3
拘弥	3
退让	3
无方	3
肯定	3
樊哙	3
撤销	3
赎罪	3
平原国	3
险阻	3
烈火	3
北地	3
离间	3
芜湖	3
王昱	3
用费	3
位居	3
绵竹	3
张喜	3
征兵	3
企图	3
修饰	3
臧	3
奋威	3
壬寅	3
邴	3
塞	3
歼灭	3
通常	3
邓香	3
张宝	3
真情	3
湟中	3
来得及	3
左丰	3
求援	3
史涣	3
印玺	3
徐奕	3
偃城	3
济阴	3
诛灭	3
吕	3
分派	3
饮	3
呈报	3
掘	3
教导	3
相距	3
丈夫	3
姜	3
马融	3
迫	3
东里	3
要道	3
闻喜	3
河西	3
射死	3
魏郎	3
苑康	3
撤走	3
诚恳	3
辛未	3
意旨	3
招待	3
大树	3
匿名信	3
职权	3
魏种	3
当阳	3
高雅	3
絮	3
章报	3
步骘	3
张勋	3
耿贵人	3
周昕	3
吴懿	3
小偷	3
写道	3
纯	3
赵鞅	2
清除	2
招揽	2
原陵	2
区别	2
墓祭	2
至孝	2
对着	2
叛徒	2
追问	2
器具	2
仿照	2
宫室	2
简陋	2
金银	2
丝	2
物	2
槐里侯	2
东州	2
吓	2
驻兵	2
遣送	2
癸亥	2
室	2
赵津	2
孝道	2
削减	2
蒯越	2
激励	2
难得	2
兵家	2
健壮	2
普	2
张亮	2
歃血	2
合谋	2
追查	2
臣服	2
殷朝	2
调离	2
东阿	2
本分	2
屠城	2
应许	2
汉中王	2
收受	2
颇	2
门前	2
吃惊	2
宛陵	2
办公	2
多时	2
成宜	2
李堪	2
纠察	2
暗害	2
情理	2
开凿	2
追念	2
眷恋	2
眼前	2
归案	2
烹	2
疲乏	2
回城	2
锐不可当	2
传国	2
烧光	2
西行	2
猛	2
赀	2
累积	2
妖孽	2
属国	2
浮虏	2
库存	2
仇人	2
错	2
遗憾	2
闰月	2
老年	2
英俊	2
历代	2
马头	2
前部	2
迷路	2
山路	2
上来	2
羞愧	2
平地	2
淹	2
政策	2
八万	2
中牟县	2
自守	2
陈尸	2
原野	2
带走	2
诏命	2
左承祖	2
刘义逊	2
赞同	2
白绕	2
新丰	2
孝心	2
猛烈	2
担	2
扰	2
接来	2
遥	2
奉养	2
劳动	2
神武	2
用处	2
桑	2
事宜	2
殇帝	2
尾	2
右侧	2
安乐	2
高洁	2
晋升	2
应得	2
进献	2
天明	2
心思	2
富人	2
照	2
屠戮	2
裨	2
海上	2
急忙	2
税	2
表现	2
天性	2
同仇敌忾	2
汇合	2
堂侄	2
谢弼	2
门房	2
大鸿	2
胪	2
穷追不舍	2
仁惠	2
番	2
引导	2
推心置腹	2
利刀	2
行装	2
沉重	2
长短	2
张岐	2
相持不下	2
生性	2
机警	2
才华横溢	2
南边	2
草木	2
刘熙	2
仓亭	2
当然	2
同官	2
苦刑	2
弟	2
罐	2
大火	2
移到	2
疮	2
致力	2
低落	2
高平	2
口供	2
准予	2
换上	2
学者	2
挺进	2
崔林	2
土屋	2
沐茂	2
烈	2
酷虐	2
躲藏	2
草料	2
库	2
卧室	2
证据	2
恩义	2
人间	2
反应	2
囿	2
畜养	2
变化莫测	2
显露	2
耻于	2
领取	2
刘普	2
当煎	2
赏识	2
和帝	2
前世	2
施政	2
述说	2
扶持	2
寻	2
消	2
滕延	2
诚	2
旁支	2
蔬菜	2
触动	2
教育	2
私心	2
哀怜	2
收敛	2
奸诈	2
承蒙	2
参拜	2
佩	2
篆	2
清河	2
攻掠	2
军旅	2
持续	2
诡诈	2
救命	2
居庸关	2
奋不顾身	2
私仇	2
旧日	2
城防	2
盘据	2
茂盛	2
胡腾	2
势不两立	2
败兵	2
齿	2
雁门	2
云台	2
谦虚	2
为重	2
负	2
索求	2
郡丞	2
险恶	2
放宽	2
暂缓	2
倾听	2
歌谣	2
路旁	2
星辰	2
太学生	2
张凤	2
交回	2
转告	2
愚见	2
永远	2
於	2
罗	2
骨	2
羽林军	2
朱雀	2
问起	2
扫荡	2
桑蚕	2
轻率	2
良好	2
行善	2
周期	2
待人接物	2
所作所为	2
更改	2
评语	2
董和	2
彭	2
速	2
武装	2
闭门	2
示	2
骄奢淫逸	2
限度	2
外逃	2
保障	2
纠正	2
习俗	2
改善	2
儒学	2
涉及	2
诗经	2
刘范	2
刘诞	2
可得	2
公孙续	2
低洼	2
信号	2
邓玄之	2
世间	2
故作	2
易经	2
第三	2
稍加	2
搬	2
思想	2
木	2
水火	2
推移	2
奇才	2
史书	2
微不足道	2
公府	2
人肉	2
充饥	2
资助	2
亮	2
营外	2
阵势	2
惊惶	2
深恶痛绝	2
四万	2
流箭	2
刘子惠	2
告捷	2
水路	2
火速	2
披	2
容纳	2
褒扬	2
器械	2
宿	2
申生	2
司马芝	2
西伯姬昌	2
自居	2
随时	2
弘	2
北面	2
回兵	2
大族	2
广泛	2
侍郎	2
老百姓	2
竖立	2
厮杀	2
天险	2
琅邪	2
野王县	2
躲	2
柩	2
斧钺	2
倒下	2
紧紧	2
丢下	2
偏偏	2
荣誉	2
遵照	2
绛县	2
机密	2
耳边	2
悄声	2
奇珍异宝	2
叫做	2
导行费	2
善政	2
禄	2
差不多	2
国运	2
禀告	2
裹胁	2
定好	2
即便	2
年资	2
空缺	2
阳城	2
集会	2
装载	2
誓死	2
建忠	2
读书人	2
乘马	2
自取	2
愤慨	2
相识	2
前行	2
困顿	2
毒疮	2
大患	2
恰恰	2
楼班	2
深宫	2
老友	2
丁卯	2
帐下	2
嫌疑	2
王后	2
宴会	2
起居	2
发言	2
曹彰	2
伯玉	2
升官	2
进爵	2
翊	2
高山	2
大多数	2
厚礼	2
大兴土木	2
玩赏	2
记住	2
忘掉	2
好色	2
抢先	2
答辞	2
真相	2
义帝	2
恐	2
六千	2
在任	2
杜绝	2
康陵	2
石显	2
戊申	2
越骑	2
都亭	2
整修	2
辕关	2
带头	2
隐讳	2
朱云	2
杀身	2
世人	2
比干	2
王郎	2
天气	2
捻	2
友情	2
治安	2
计吏	2
禽兽	2
武官	2
不动声色	2
肆意	2
禀报	2
作威作福	2
张苞	2
集	2
布衣	2
端	2
喝斥	2
长辈	2
敬意	2
笑话	2
家庭	2
接连不断	2
费亭侯	2
第五	2
查出	2
赃款	2
抚慰	2
化	2
友	2
转	2
虚实	2
杂色	2
已亥	2
看作	2
初九	2
刘州牧	2
务	2
王昌	2
基地	2
亥	2
坠落	2
庆祝	2
珠宝	2
吃饱	2
大街小巷	2
鼎	2
中牟	2
退出	2
灭绝	2
会议	2
文告	2
巨大	2
当上	2
职	2
法术	2
化解	2
忿怒	2
俯伏	2
盛产	2
财力	2
损耗	2
下场	2
出逃	2
合浦	2
交趾郡	2
乌浒	2
招诱	2
主动	2
诏狱	2
寓	2
霍	2
淳于嘉	2
叛匪	2
本人	2
武关	2
真才实学	2
投到	2
自尽	2
蟒蛇	2
营帐	2
寄	2
长达	2
乌桓峭王	2
事理	2
上党	2
人员	2
掾史	2
衰弱	2
万全之计	2
招纳	2
人丁	2
谣言	2
宁愿	2
忌讳	2
假托	2
称职	2
北宫伯玉	2
旧制	2
望见	2
长驱直入	2
刺死	2
斩下	2
朝会	2
得势	2
公行	2
适逢	2
与此同时	2
自危	2
服丧	2
充足	2
南安	2
弓箭	2
治乱	2
良机	2
棺材	2
紧逼	2
人情	2
全权	2
独断	2
鲁	2
谨	2
压境	2
背后	2
延续	2
不至于	2
袁安	2
杨震	2
公义	2
危	2
隔	2
姬妾	2
骨骸	2
资格	2
无礼	2
检查	2
差	2
教授	2
赏	2
鞭笞	2
刚才	2
旧有	2
樊口	2
李咸	2
上车	2
随身	2
临走	2
沿着	2
子女	2
船队	2
自恃	2
武将	2
爪牙	2
虚假	2
谁是谁非	2
过继	2
八十四	2
能否	2
至少	2
赐与	2
犯上作乱	2
害人	2
张恺	2
东山	2
画像	2
写作	2
素	2
太师	2
司法	2
服毒	2
许诺	2
前朝	2
弄	2
视为	2
挖好	2
派往	2
资	2
吏治	2
其后	2
弘农王	2
华阴	2
敖仓	2
谎称	2
境界	2
早早	2
冲向	2
暨	2
下毒手	2
晋封	2
婴儿	2
临行	2
轨道	2
运行	2
阿谀奉承	2
招惹	2
韩珩	2
王爷	2
承担	2
词	2
堆满	2
远道	2
说客	2
怀恨	2
稳	2
收割	2
地里	2
判决	2
让步	2
恣意	2
游览	2
辅	2
留住	2
定威	2
任览	2
沉默寡言	2
二十三	2
羊	2
一举一动	2
发送	2
予	2
苏康	2
卧龙	2
凤雏	2
陆地	2
方便	2
适合	2
提供	2
兼管	2
番阳	2
马元义	2
车裂	2
寸	2
刚正	2
折辱	2
开列	2
名单	2
赵典	2
无道	2
平冈	2
保密	2
乏	2
奉为	2
黄钺	2
太史	2
交界处	2
出产	2
钱物	2
贡品	2
数量	2
花费	2
污吏	2
黎民百姓	2
姊	2
梁太后	2
雕刻	2
速仆丸	2
樊陵	2
信徒	2
生出	2
补助	2
破旧	2
草鞋	2
菜	2
桑蚕业	2
交易	2
取利	2
渔阳郡	2
盐	2
忠节	2
一心	2
蓟县	2
粮饷	2
严寒	2
冻死	2
竹林	2
柏树	2
枯萎	2
饥寒交迫	2
有时	2
周全	2
可怜	2
吝惜	2
劳役	2
马车	2
吕常	2
民谣	2
张懿	2
刘宽	2
弛	2
阁	2
仰头	2
孜孜不倦	2
贩卖	2
为生	2
不形于色	2
折	2
锋芒	2
拒守	2
南乡侯	2
盗	2
睡觉	2
拚	2
受封	2
区域	2
听见	2
欺骗	2
扩张	2
帽	2
瞪起	2
回师	2
阆中	2
可乘之机	2
引进	2
来意	2
宽大	2
为主	2
可知	2
制裁	2
往事	2
朋友们	2
性	2
骏马	2
速度	2
垒	2
顾念	2
人之常情	2
郡中	2
刘馥	2
历阳	2
文字	2
刻	2
晚辈	2
七百	2
谈吐	2
举止	2
刚愎	2
手戟	2
掷	2
身手	2
亲身	2
寒	2
南海	2
望风	2
未必	2
变化无常	2
一早	2
墓地	2
卑微	2
争辩	2
送走	2
急待	2
官号	2
上郡	2
南郊	2
宫禁	2
朱然	2
逍遥	2
贬谪	2
功绩	2
残	2
具备	2
行使	2
缴纳	2
改过自新	2
辛劳	2
谦让	2
士孙瑞	2
介意	2
首次	2
好几	2
天威	2
带去	2
过上	2
辛卯	2
列阵	2
疾	2
享用	2
悖逆	2
讽	2
郁闷	2
身死	2
龙舒君	2
毒害	2
良田	2
高呼	2
抛	2
妻儿	2
深得民心	2
谶	2
忘却	2
世俗	2
除此之外	2
出京	2
梁县	2
耿鄙	2
妃嫔	2
朱零	2
快马	2
紧随	2
震天	2
储备	2
数不胜数	2
拒	2
得胜	2
后妃	2
挡	2
六七千	2
论功行赏	2
示意	2
交结	2
资质	2
叔	2
丙寅	2
开府	2
后果	2
昏庸	2
五官中郎将	2
摩陂	2
朱盖	2
累计	2
美德	2
录用	2
分给	2
重刑	2
真心	2
张开	2
催逼	2
平常人	2
恼恨	2
横	2
揖	2
径直	2
外貌	2
发作	2
梁宽	2
质问	2
凭	2
委托	2
军令	2
刚强	2
不愧	2
良	2
隐秘	2
任芝	2
越级	2
口中	2
朗诵	2
超出	2
调集	2
木盒	2
耿武	2
闵纯	2
熟	2
身先士卒	2
显亲	2
推	2
胡闳	2
接任	2
席间	2
捋	2
衣	2
臂	2
抢夺	2
村镇	2
方式	2
异族	2
攻到	2
营州	2
保存	2
普通	2
经学	2
习惯于	2
螟虫	2
吃光	2
气焰	2
嚣张	2
兵法	2
远扬	2
人事	2
置于	2
天文	2
星象	2
强壮	2
较量	2
学堂	2
张怿	2
就职	2
驾车	2
大汉	2
水利	2
早些	2
祈祷	2
东吴	2
石头	2
治所	2
改称	2
疆界	2
誓言	2
铢	2
铜像	2
鹿	2
物价	2
吊上	2
拆除	2
缉捕	2
抱住	2
主帅	2
应战	2
所部	2
后稷	2
吕尚	2
要职	2
甬道	2
割裂	2
旱灾	2
或是	2
自幼	2
帷	2
帘	2
情义	2
安西	2
刘辟	2
抛下	2
阿	2
稳固	2
醉	2
番阳郡	2
器重	2
擂	2
诸葛瑾	2
喜悦	2
陈逸	2
法术家	2
锡	2
配有	2
配上	2
三十六	2
朱红色	2
深广	2
走遍	2
隐姓埋名	2
面向	2
花言巧语	2
当兵	2
弱者	2
阎忠	2
生长	2
五十九	2
经历	2
出门	2
小子	2
冲破	2
倒	2
董璜	2
中军	2
仪容	2
相接	2
河间王	2
刘开	2
曾孙	2
解渎亭侯	2
梁习	2
志愿军	2
伤感	2
砍断	2
根	2
模	2
旧时	2
当官	2
枷锁	2
忧郁	2
邀	2
郎官	2
勇力	2
轻慢	2
屈辱	2
从轻	2
专	2
不当	2
叛离	2
傅干	2
顺德	2
较为	2
事奉	2
走投无路	2
恶名	2
内宅	2
合计	2
都城	2
典军	2
仓促	2
市场	2
冲突	2
生还	2
彩虹	2
拘捕	2
卖钱	2
张陵	2
盛允	2
博士	2
吴国	2
衰落	2
农田	2
搞	2
迫不得已	2
退休	2
如愿	2
冢	2
案	2
深山老林	2
建筑	2
忌妒	2
折冲	2
贤明	2
董侯	2
侯国	2
家人	2
重叠	2
下面	2
沛城	2
优	2
辗转	2
东莱郡	2
旺盛	2
忿恨	2
持重	2
顿时	2
庶子	2
刘桢	2
华丽	2
惧怕	2
督率	2
军政	2
名号	2
逃散	2
僮芝	2
王冠	2
驾驶	2
豫	2
蛇	2
嘉德殿	2
驾崩	2
万万	2
调拨	2
三百万	2
牧韩	2
桥瑁	2
袁遗	2
刘矩	2
礼义	2
忍耐	2
换取	2
屏障	2
锐	2
景毅	2
名籍	2
名字	2
苟且	2
法网	2
密切	2
崇尚	2
无为	2
轻装急进	2
簿	2
致	2
现	2
赵延	2
方寸	2
每每	2
武威郡	2
呼厨泉	2
率部	2
虚名	2
标志	2
内政	2
疆场	2
小船	2
下跪	2
求见	2
受刑	2
韩暨	2
迁居	2
处决	2
道谢	2
带兵	2
拦住	2
董扶	2
庐陵郡	2
青琐门	2
招呼	2
广袤	2
万里	2
胡兰	2
张恽	2
刘秀	2
就地	2
剿灭	2
遵奉	2
黄白城	2
罗织	2
徒众	2
张猛	2
雍州	2
挥军	2
癸未	2
永乐宫	2
葭萌	2
预备	2
气愤	2
使命	2
记录	2
怪诞	2
梁龙	2
供辞	2
保证	2
带来	2
嗟叹	2
声	2
班	2
招抚	2
退还	2
吴军	2
流血	2
互通	2
下邳城	2
荣耀	2
季节	2
宋建	2
郊	2
再三	2
北宫	2
谥号	2
至今	2
谨慎	2
名为	2
兽	2
运到	2
吊	2
鞭打	2
恶化	2
起疑	2
蕃	2
自古以来	2
行驶	2
遥远	2
民不聊生	2
军容	2
收殓	2
掩埋	2
绕	2
观点	2
房陵	2
卑	2
辩护	2
王松	2
刘放	2
司空府	2
易如反掌	2
巨	2
峻	2
大约	2
忧心	2
摆	2
席上	2
产业	2
东平	2
各得其所	2
铲平	2
严明	2
老板	2
抽出	2
族人	2
刘逸	2
盛怒	2
清查	2
劳师动众	2
末年	2
宴	2
玺印	2
信以为真	2
忠直	2
瘿陶王	2
五千万	2
锄	2
视	2
邦	2
息	2
驴	2
来回	2
忠孝	2
后嗣	2
繁衍	2
曹虞	2
提防	2
戊	2
巴	2
外地	2
开国	2
大旱	2
慎重	2
霍玉	2
张牛角	2
坏话	2
兵书	2
缺点	2
票	2
法制	2
惶恐	2
屠灭	2
侵入	2
美貌	2
绝食	2
穿戴	2
贾信	2
挖到	2
鲍鸿	2
助	2
慨然	2
遇难	2
死于	2
迟缓	2
治国	2
把持	2
威势	2
侍妾	2
一手	2
罪人	2
来临	2
紧迫	2
出奇制胜	2
琅邪王	2
重振	2
经费	2
阴柔	2
阳刚	2
封君	2
排除	2
姜季江	2
再行	2
避	2
任岐	2
贾龙	2
收复	2
返乡	2
偷	2
无备	2
逃生	2
冲入	2
跪下	2
复	2
狼子野心	2
割让	2
涪县	2
传出	2
秦颉	2
上将	2
拍	2
抗争	2
多余	2
坐下	2
诀别	2
妇人	2
感谢	2
使节	2
生怕	2
押送	2
寺	2
狱	2
蔡衍	2
损	2
曹寅	2
扬言	2
放出	2
调发	2
缣帛	2
开拓	2
袁滂	2
太仓	2
大狱	2
理睬	2
权变	2
家丞	2
毁谤	2
黄帝	2
今后	2
脱身	2
程祁	2
暗示	2
梁猛	2
惊慌	2
严纲	2
长广郡	2
棺柩	2
人心惶惶	2
如何是好	2
减	2
束	2
理屈辞穷	2
文雅	2
喜怒	2
难于	2
无奈	2
闹	2
独立	2
大摆	2
祠庙	2
卓茂	2
察看	2
安平王	2
收编	2
平常	2
修缮	2
出力	2
朱治	2
有理	2
度日	2
忠心耿耿	2
屡	2
建	2
重返	2
沧海	2
馀	2
边防	2
增兵	2
摇	2
鼓	2
噩	2
奸谋	2
任方	2
目标	2
仆	2
凶残	2
拂晓	2
堡	2
安邑	2
小路	2
家奴	2
临事	2
勇武	2
王位	2
暴力	2
凌辱	2
指向	2
举兵	2
传递	2
追逐	2
麦子	2
承	2
司空张喜	2
卫尉士	2
廷尉宣	2
萧建	2
母子	2
偷牛贼	2
杨洪	2
咽喉	2
存亡	2
路过	2
握手	2
倡导	2
姬	2
美	2
潘璋	2
台	2
武帝	2
谤	2
仪式	2
层	2
关内	2
三巴	2
等于	2
易县	2
土丘	2
中央	2
山崩	2
酷罚	2
刘石	2
李大目	2
于氐根	2
司马朗	2
遇事	2
曹昂	2
继	2
挑剔	2
堆积	2
号哭	2
不可名状	2
弥补	2
加深	2
宣传	2
络绎不绝	2
突击	2
陈留人	2
周昂	2
永久	2
无家可归	2
广宗	2
费	2
人世	2
扫平	2
参战	2
年少	2
正义	2
惊动	2
欢宴	2
精巧	2
欺压	2
侦察	2
庸才	2
二三万	2
标榜	2
忧伤	2
陈廷尉	2
胜败	2
衰	2
含冤	2
被擒	2
上庸	2
丰足	2
国库	2
费栈	2
修养	2
最为	2
远见	2
认清	2
时务	2
侯参	2
贪赃	2
首恶	2
撤除	2
拨乱反正	2
离职	2
孟敏	2
天赋	2
广陵人	2
督军	2
特殊	2
恩典	2
节约	2
纠	2
仁德	2
抱怨	2
排	2
人群	2
培养	2
邻近	2
时刻	2
通告	2
开道	2
鲜血	2
定居	2
兵役	2
中常	2
恣肆	2
非议	2
官印	2
豆	2
熬粥	2
公子	2
金属	2
为时	2
罢休	2
一点	2
光熹	2
著称	2
阁下	2
杨琦	2
傍晚	2
河中	2
借助	2
外来	2
主谋	2
横暴	2
扶风郡	2
敦煌	2
陇右	2
流行	2
色	2
包	2
书籍	2
得道	2
精通	2
奉公守法	2
境	2
桥板	2
接触	2
奸贼	2
弱小	2
焦和	2
池塘	2
洗澡	2
安营扎寨	2
半夜	2
宜	2
翻阅	2
怀恨在心	2
休假	2
简直	2
陶丘洪	2
当前	2
弊政	2
诚心诚意	2
全身	2
仅仅	2
限期	2
糊涂	2
出谋划策	2
轻浮	2
士异	2
王吉	2
剖	2
张贴	2
遍	2
震骇	2
劝诱	2
割下	2
乡	2
分封	2
迫使	2
和熹	2
渴	2
总	2
皇天	2
夷	2
白檀	2
吉利	2
阴	2
途	2
时日	2
住所	2
追加	2
号为	2
屠特	2
发挥	2
人主	2
典籍	2
纯粹	2
假借	2
星宿	2
牵强附会	2
诬蔑	2
收捕	2
八十万	2
思虑	2
一亿	2
振	2
高台	2
相传	2
衔	2
枚	2
奔	2
饶	2
陈翔	2
空宫	2
玄孙	2
玷污	2
交情	2
百战百胜	2
抢	2
财宝	2
衰微	2
乱兵	2
割	2
商业	2
无意	2
己卯	2
天水	2
次数	2
挑	2
跑	2
陈诉	2
降雨	2
执迷不悟	2
吴树	2
入城	2
被俘	2
仪仗	2
计数	2
纠纷	2
和睦相处	2
水土	2
金钱	2
称霸	2
表明	2
乘人之危	2
褚飞燕	2
故此	2
记载	2
交锋	2
实施	2
由此	2
依恋	2
审理	2
牧陶谦	2
强者	2
孟岱	2
火势	2
用武之地	2
安排	2
大势已去	2
觉悟	2
镇	2
陈夤	2
笞打	2
除了	2
武吏	2
借给	2
细小	2
凌操	2
生存	2
疲于奔命	2
太微星	2
蛮人	2
陈郡	2
茂才	2
早上	2
朱达	2
之类	2
欢心	2
留兵	2
麦	2
艳	2
求婚	2
嵩	2
丁酉	2
仰仗	2
颗	2
异常	2
事变	2
抬头	2
大不敬	2
疑问	2
整	2
户籍	2
捕捉	2
阵地	2
隐蔽	2
造	2
悬	2
夺得	2
运回	2
辖区	2
胡芳	2
劣势	2
李文姬	2
聚敛	2
奇计	2
关口	2
原先	2
屋	2
变动	2
推崇	2
按着	2
依次	2
心情	2
树	2
栏杆	2
开创	2
诸事	2
礼贤	2
下士	2
送葬	2
守护	2
常人	2
寡	2
夏桀	2
北上	2
基本	2
鸿胪	2
吸引	2
流放	2
沮丧	2
朴胡	2
逃犯	2
宋典	2
两千	2
划分	2
巴东	2
冲锋陷阵	2
车队	2
进去	2
守围	2
当做	2
善意	2
隔离	2
面目	2
锦绣	2
豪华	2
仆从	2
连同	2
粮米	2
孝王	2
亭侯	2
刘博	2
前例	2
犊	2
侍从	2
无用	2
曾参	2
一一	2
窥探	2
都亭侯	2
滚水	2
皖	2
梅成	2
荡寇	2
唐	2
七十	2
天下人	2
代郡	2
谈及	2
延	2
促使	2
疑虑	2
称王	2
篡位	2
错乱	2
流散	2
乌桓军	2
起疑心	2
坐守	2
李基	2
李兹	2
仰望	2
难楼	2
牧刘璋	2
张延	2
从而	2
有利可图	2
蒋	2
巡逻	2
举杯	2
年长	2
次于	2
数以万计	2
顺帝	2
传播	2
秦国	2
白起	2
引以为戒	2
同盟	2
充分	2
忽然	2
大司	2
逆谋	2
挑拨	2
录	2
只得	2
礼制	2
家财	2
照样	2
刘胜	2
冬	2
五十四	2
建武	2
副手	2
杨奇	2
齐心合力	2
北山	2
闻人	2
乌孙	2
窦绍	2
追捕	2
身亡	2
揭发	2
丞	2
府第	2
陈寅	2
不忠	2
作奸犯科	2
甚	2
市	2
解下	2
衣物	2
苏谦	2
落入	2
农	2
七万	2
倒吊	2
高喊	2
秦朝	2
壕	2
梁氏	2
吉本	2
自首	2
审谤	2
学业	2
反击	2
牙齿	2
官阶	2
职事	2
宣扬	2
各军	2
人口	2
韩胤	2
壬申	2
微小	2
自相	2
家伙	2
汝水	2
梁国	2
荀翌	2
刘儒	2
讯	2
隐瞒	2
周忠	2
陈简	2
困窘	2
掌权	2
儒者	2
集团	2
动静	2
沿海	2
割据	2
卯	2
野王	2
刘续	2
二十二日	2
退兵	2
合理	2
谢恩	2
豹	2
选举	2
陕县	2
张掖	2
祁山	2
久已	2
岸边	2
进一步	2
感激	2
统统	2
司空掾	2
朱震	2
应对	2
自安	2
押回	2
朝堂	2
丙子	2
定都	2
刘靖	2
定下	2
舜	2
足迹	2
乱箭	2
犬	2
查考	2
听候	2
封侯	2
后人	2
伏波	2
画工	2
肖像	2
等候	2
模样	2
扫除	2
干净	2
劳累	2
器物	2
应余	2
具体	2
左传	2
阵	2
幸	2
卫觊	2
自小	2
甲午	2
何仪	2
防区	2
葛布	2
哪	2
恰当	2
招致	2
陈懿	2
生前	2
操行	2
逃往	2
减轻	2
常林	2
横江	2
内侧	2
武平	2
替	2
保佑	2
源头	2
下游	2
明公	2
鸡蛋	2
残兵	2
铺	2
白波	2
专卖	2
辛勤	2
归来	2
党人	2
开战	2
舒县	2
山势	2
赞誉	2
相符	2
虎牙	2
动身	2
偷盗	2
唯恐	2
厨	2
吝啬	2
广汉郡	2
连累	2
夏静	2
边韶	2
英才	2
倍	2
姑娘	2
初期	2
里边	2
闵贡	2
洛舍	2
王寓	2
直率	2
半路	2
昭雪	2
逼近	2
上岸	2
脑袋	2
奸雄	2
己亥	2
五原	2
蓄养	2
阻挠	2
恼羞成怒	2
王奂	2
行商	2
商人	2
儿女亲家	2
邴尊	2
摆设	2
下邳国	2
刘柱	2
仗势	2
烧死	2
崩溃	2
脱离	2
事后	2
中山	2
韩当	2
成年	2
栾提呼	2
攻杀	2
贼臣	2
无比	2
劈开	2
墙壁	2
流域	2
无所	2
饥	2
差错	2
欺诈	2
放过	2
匡	2
日夜	2
长坂	2
相会	2
围头	2
四冢	2
振威	2
姑母	2
永宁乡	2
公孙范	2
四分五裂	2
片刻	2
梁纪	2
叛乱者	2
帮	2
皋陶	2
当夜	2
自责	2
费诗	2
光和	2
饶恕	2
鉴别	2
江览	2
孙瑜	2
老实	2
屯兵	2
显著	2
物产	2
淫乱	2
贾	2
争端	2
尽职	2
路不拾遗	2
灾害	2
黄昏	2
艾县	2
正道	2
公平	2
上游	2
骨都侯	2
憎恨	2
下达	2
马相	2
高谈阔论	2
默然	2
尚方	2
上船	2
驿站	2
曲直	2
始	2
制	2
投诉	2
公孙越	2
燕国	2
平素	2
恨不得	2
去年	2
分裂	2
公事	2
砍伐	2
有时候	2
憎恶	2
老幼	2
大害	2
完毕	2
演奏	2
贪得无厌	2
去路	2
正中	2
轨	2
接连	2
耿承	2
备好	2
盗寇	2
恩怨	2
和缓	2
专横	2
开支	2
年代	2
大理	2
骞曼	2
魁头	2
张范	2
假意	2
婆母	2
捷报	2
后妻	2
施用	2
肆无忌惮	2
抽打	2
母	2
恃	2
合睦	2
树枝	2
蔡氏	2
侄女	2
历史	2
伯固	2
苑囿	2
薛悌	2
龚	2
峻法	2
乌桓人	2
万金堂	2
美阳	2
回复	2
权术	2
公布	2
羌族人	2
吕旷	2
高翔	2
晋阳	1
敲响	1
钟鼓	1
刘玄德	1
谋生	1
轻重缓急	1
威仪	1
体察	1
隐衷	1
北斗	1
夏禹	1
汉文帝	1
露台	1
癸未朔	1
左灵	1
带给	1
存放	1
原主	1
爵称	1
为伍	1
海水	1
倒灌	1
杀退	1
贪淫	1
欺上凌下	1
编写	1
册	1
监禁	1
忧愤	1
奸商	1
烦琐	1
苛捐杂税	1
非法	1
大治	1
章陵郡	1
傅巽	1
逆顺	1
间谍	1
青草	1
虚张声势	1
要诀	1
信赖	1
四出	1
镇民	1
汉宁郡	1
土特产	1
司徒掾	1
樊友	1
乘虚	1
悲喜	1
交加	1
欢呼	1
司空张济	1
声名狼藉	1
地处	1
嫉恶如仇	1
委曲	1
山洪	1
滞留	1
房舍	1
院落	1
整理	1
干干净净	1
领军	1
葛巾	1
身着	1
便装	1
伯叔	1
登极	1
仲家	1
保重	1
投河	1
甘心	1
拿获	1
元凶	1
用得着	1
军锋	1
御府	1
搬到	1
营里	1
带到	1
迎面	1
马鞭	1
头部	1
死定	1
上万	1
揭露	1
黑暗面	1
如鱼得水	1
石门山	1
丢弃	1
夺回	1
无敌	1
同宗	1
永昌郡	1
曹鸾	1
高德	1
虎贲中郎	1
放眼	1
细微末节	1
密谈	1
误入	1
市民	1
舍人	1
幸灾乐祸	1
自愿	1
洛	1
邺	1
号召	1
羽翼	1
自由	1
翱翔	1
受制	1
营帅	1
十恶不赦	1
身受	1
诈骗	1
奉陪	1
讲述	1
孙静	1
坚城	1
患有	1
风湿病	1
敬慕	1
鹰	1
展翅高飞	1
寻觅	1
困穷	1
麦城	1
射击	1
市井小人	1
骨肉之亲	1
为非作歹	1
混	1
竹	1
箱	1
用车	1
徐无山	1
深险	1
拢	1
区区	1
攸	1
宽怒	1
言词	1
塞满	1
延平	1
元	1
截	1
貂	1
王莽	1
本源	1
精心	1
重建	1
而后	1
创业	1
任峻	1
嚣	1
登记	1
亲人	1
增重	1
郑度	1
纹理	1
美观	1
石料	1
分批	1
忧心如焚	1
损毁	1
容颜	1
扬旗耀武	1
用到	1
观光	1
有钱	1
现钱	1
原定	1
偿还	1
牛渚	1
营地	1
荆楚	1
京县	1
睢陵	1
夏丘	1
鸡犬不留	1
旧城	1
址	1
瞿恭	1
海岛	1
余年	1
牵累	1
耕地	1
誓	1
校服	1
铸成	1
饱受	1
黩武	1
慑服	1
左中郎将	1
高阳侯	1
作客	1
惊叹	1
急躁	1
明辨	1
追至	1
偃旗息鼓	1
怨言	1
货财	1
曹绍正	1
严刑拷打	1
探问	1
病情	1
郎吏	1
错杂	1
挤	1
居家	1
静养	1
浩然之气	1
傣禄	1
一七一年	1
各为其主	1
大匠	1
改为	1
转达	1
荀悦	1
有志	1
著述	1
倾慕	1
才思	1
刚猛	1
风度	1
侍婢	1
侍候	1
人寿	1
乐浪郡	1
奉上	1
祸难	1
狭窄	1
密	1
庚戍	1
济阴王	1
刘懿	1
刘邈	1
济北王	1
刘敦	1
念及	1
新都郡	1
规模	1
弟妹	1
遣散	1
行礼	1
携	1
上班	1
绵竹城	1
雷击	1
并存	1
互斗	1
庄子	1
相斗	1
局	1
长阪	1
竭	1
衰颓	1
才气	1
祸乱	1
才疏	1
成效	1
彭阳	1
逢义山	1
羌民	1
赶去	1
黟	1
歙	1
伍子胥	1
爱护	1
潮流	1
凡亭山	1
高贵	1
隐身	1
稳重	1
市长	1
上官资	1
谥	1
联	1
克定	1
稍后	1
通到	1
幼儿	1
大体	1
出奔	1
经年	1
蒯良	1
宽仁	1
李恢	1
答话	1
异口同声	1
登基	1
犹豫	1
狼	1
城郊	1
田园	1
飞禽走兽	1
爱民如子	1
西平郡	1
重演	1
惨剧	1
下船	1
军书	1
拿来	1
复信	1
渺小	1
仁途	1
干戈相向	1
嫉恨	1
卑污	1
传为	1
美谈	1
肺腑之言	1
下车	1
生路	1
宋宪	1
乌鸦	1
飞翔	1
汉元帝	1
薛广德	1
卧	1
颐养	1
司空韩	1
孙朗	1
志气	1
正统	1
先世	1
戒条	1
争先	1
牛肉	1
普遍	1
谋臣	1
审慎	1
冯硕	1
追赠	1
退避	1
百出	1
谋取	1
钱唐	1
孙匡	1
寒冷	1
食肉	1
清洁	1
飞鹰	1
走狗	1
前些时	1
狐狸	1
小丑	1
张璋	1
唱名	1
上朝	1
趋行	1
穿鞋	1
引见	1
倾向	1
那边	1
查	1
渎	1
进袭	1
骁勇善战	1
伯父	1
判外	1
下定	1
忠信	1
官属	1
签署	1
画图	1
刚毅	1
强劲	1
世世代代	1
麻屯	1
王道	1
窦辅	1
大将军府	1
令史	1
藏到	1
偶尔	1
嘉禾	1
灵芝草	1
颠沛流离	1
弊	1
遮蔽	1
巳酉	1
弟子	1
唐周	1
告密	1
敦厚	1
务实	1
空谈	1
浮华	1
压抑	1
无穷	1
一诺千金	1
视作	1
屈意	1
心肠	1
时政	1
察视	1
山峰	1
崩裂	1
干涸	1
心愿	1
办理	1
明明白白	1
名步	1
病愈	1
强调	1
魏彪	1
微	1
掖	1
布防	1
正门	1
对阵	1
父母亲	1
采	1
司徒桥玄	1
俱	1
任意	1
累代	1
全不	1
改制	1
殷代	1
盘庚	1
毫邑	1
蛮横	1
祝公道	1
救出	1
讲出	1
觉	1
烦恼	1
钦佩	1
加害	1
起到	1
起倒	1
闻风	1
如影随形	1
般	1
俊计	1
伯夷	1
未复	1
许子	1
逐月	1
汝南人	1
月旦	1
掌	1
府事	1
平西	1
尉法正	1
麋竺	1
安汉	1
简雍	1
昭德	1
孙乾	1
秉忠	1
伊籍	1
西曹掾	1
甲寅朔	1
追兵	1
断后	1
抗衡	1
及早	1
早点	1
道喜	1
四十二	1
振兴	1
文化	1
武备	1
研习	1
天师	1
唾	1
中庸	1
铁骑	1
书面	1
方案	1
散给	1
家用	1
详	1
庚戌	1
大雹	1
宣酆	1
覆水难收	1
黄门令	1
开口	1
形	1
开门	1
蔡伯喈	1
旷世	1
史事	1
节俭	1
礼让	1
摆开	1
失色	1
宣示	1
五十一	1
汴水	1
玄菟	1
府丞	1
五十六	1
几百	1
卑鄙	1
下流	1
鄙弃	1
练兵	1
谯郡	1
令尹	1
子文	1
申包胥	1
痛哭流涕	1
长御	1
变色	1
金星	1
太微	1
国中	1
人君	1
转向	1
刘辩	1
玺绶	1
农王	1
下殿	1
来信	1
获利	1
自尊	1
宛陵县	1
任上	1
忤逆	1
不孝	1
旁观	1
罢兵	1
应劭	1
张朔	1
柱	1
棺	1
污浊	1
激奋	1
接踵	1
视死如归	1
留学	1
陆续	1
有所归	1
果真	1
指日可待	1
陷落	1
细语	1
刮削	1
简牍	1
书刀	1
私房钱	1
精选	1
珍品	1
中署	1
命脉	1
司空刘宠	1
辈	1
鼎足	1
司王畅	1
永	1
尚书门	1
天桥	1
阁道	1
老交情	1
必是	1
加意	1
法规	1
约法三章	1
感恩戴德	1
疆域	1
萧条	1
搞好	1
土地神	1
场所	1
男人	1
车辕	1
唱	1
诚意	1
以免	1
己未	1
侄	1
胸怀	1
人生	1
昏暗	1
显位	1
民怨	1
斥	1
奖善	1
撩拨	1
尾巴	1
可悲	1
并行	1
慰勉	1
九江人	1
怎料	1
手脚	1
疥癣	1
小患	1
暴躁	1
勤王	1
救驾	1
能臣	1
相连	1
窦姓	1
易阳	1
韩范	1
涉县	1
梁岐	1
长寿门	1
溃败	1
络	1
勤于	1
个别	1
以示	1
桑干河	1
上千	1
保得住	1
杨雍	1
保举	1
站起身	1
抚摸	1
肩膀	1
蘧	1
喧哗	1
公乘昕	1
郑疯	1
赵妖	1
漂流	1
逃窜	1
迁走	1
其它	1
娱乐	1
迷恋	1
上下游	1
壮大	1
张牧	1
妲	1
叶子	1
凶险	1
不妥	1
揣度	1
草拟	1
问话	1
周襄王	1
霸主	1
发丧	1
孝服	1
汗鲁王	1
讲明	1
发病	1
久战不胜	1
浪费	1
封邑	1
洁身自爱	1
疾恶如仇	1
情形	1
萧望之	1
慎侯	1
军械	1
太谷关	1
广成关	1
伊阙关	1
旋门关	1
孟津关	1
小平津关	1
迁回	1
骄傲自满	1
周昌	1
成帝	1
挖心	1
景仰	1
热	1
肥胖	1
油脂	1
流到	1
灯	1
肚脐	1
天亮	1
随军	1
无疑	1
平难中	1
区分	1
割草	1
似的	1
杨密	1
叛贼	1
机要	1
高昂	1
深悔	1
龙行虎步	1
炉火	1
毛发	1
煮好	1
杯子	1
扔到	1
引为	1
代价	1
关隘	1
横向	1
纸	1
加高	1
堡垒	1
积聚	1
滚木	1
石块	1
左中郎	1
孝和帝	1
庙	1
撤去	1
典制	1
傅	1
手足情深	1
滋长	1
五六千万	1
孙女	1
都昌	1
秋鄙	1
成败得失	1
慷慨	1
破城	1
士兵们	1
奔向	1
争抢	1
多亏	1
转呈	1
责求	1
提请	1
核查	1
淮水	1
桓典	1
走走停停	1
打散	1
管事	1
司徙祝恬	1
宣告	1
东阿人	1
容丘侯	1
作到	1
缩小	1
丑化	1
能事	1
济水	1
易于	1
陨石	1
密使	1
看管	1
街道	1
唱歌	1
跳舞	1
首饰	1
水泄不通	1
朝庭	1
常态	1
开水	1
称快	1
评估	1
与会者	1
惯例	1
铁甲	1
跌	1
事物	1
喜庆	1
临朝	1
大都	1
包庇	1
放走	1
鸱	1
枭	1
凤凰	1
五斗米师	1
吴敦	1
尹礼	1
孙观	1
岂敢	1
饥馑	1
物力	1
随心所欲	1
积德	1
积仁	1
落得	1
躲到	1
报到	1
同情	1
重权	1
久久	1
送还	1
回奏	1
封阳	1
翟侯	1
假节	1
挑唆	1
夹石	1
失守	1
司空种拂	1
济南人	1
井里	1
魏腾	1
告知	1
巍峨	1
西县	1
栅栏	1
纵深	1
遮挡	1
临幸	1
身材	1
矮小	1
精明	1
武安县	1
毛城	1
通向	1
牙门	1
章法	1
缓慢	1
蜀人	1
蟊	1
瞑目	1
日见	1
篡夺	1
江山	1
相反	1
司空来艳	1
雁桥	1
段训	1
沉着	1
镇定	1
盛赞	1
激切	1
江夏郡	1
做贼	1
除害	1
东光	1
殷陶	1
李文侯	1
李相如	1
持刀	1
命士	1
骑都尉	1
秦谊	1
陈卫	1
北掖门	1
至亲	1
白帝城	1
下策	1
封存	1
拜别	1
袁绍军	1
策马	1
万众	1
篱	1
门窗	1
趴	1
篱笆	1
取乐	1
惊慌失措	1
独擅大权	1
愚劣	1
荒草	1
遍野	1
狂风	1
束苇草	1
捣	1
奔逃	1
若是	1
此任	1
袋子	1
受命于	1
竞争者	1
劲	1
天赐	1
剖开	1
乱刀	1
碎尸	1
务求	1
拜读	1
贯彻	1
临事应变	1
军机	1
近臣	1
粗疏	1
豪富	1
范先	1
留任	1
出马	1
杜乔	1
龙颜	1
据理力争	1
运用	1
许邵	1
矫正	1
男子	1
入内	1
发掘	1
尸骨	1
混杂	1
魂灵	1
污染	1
愎	1
匹夫	1
低级	1
牧刘虞	1
田仪	1
扑	1
乌程	1
邹佗	1
钱铜	1
嘉兴	1
王晟	1
替换	1
肢体	1
贻误	1
阳平关	1
鄂县	1
卧病在床	1
挣扎	1
抱病	1
大路	1
坞堡	1
伤亡	1
李异	1
地利	1
人和	1
万无一失	1
分清	1
赦罪	1
无干	1
调动	1
黜	1
晚间	1
抚恤	1
医药	1
饥寒	1
破竹	1
一万九千	1
司徒种	1
借鉴	1
前人	1
竖	1
妄自	1
窃取	1
厚禄	1
兴旺	1
公告	1
轻举妄动	1
趋	1
卧床不起	1
梁姓	1
充斥	1
杜介	1
惨遭	1
在朝	1
在野	1
空说	1
大话	1
奇兵	1
一千二百	1
防务	1
俘	1
赎回	1
王畿	1
正派	1
植	1
阔	1
受敌	1
爬	1
屋顶	1
李儒	1
宣威	1
诩	1
轻信	1
大奸	1
大恶	1
囚	1
田豫	1
宜城县	1
田丰举	1
唉	1
不恭顺	1
侍中刘	1
举足	1
短	1
柳下惠	1
沉浮	1
随波逐流	1
范蠡	1
争权夺势	1
傅坚	1
差役	1
戏言	1
当真	1
瑛	1
惠政	1
突出	1
一大半	1
回溯	1
西京	1
死节	1
缺欠	1
叩拜	1
籍	1
服侍	1
养大	1
同族	1
永平	1
崇信	1
传习	1
踏	1
踩	1
蒋子翼	1
涉水	1
参观	1
负伤	1
路边	1
木牌	1
金旋	1
韩玄	1
赵范	1
小麦	1
不轨	1
无可奈何	1
证明	1
安人	1
赵犊	1
霍奴	1
鲜于	1
犷平	1
贯	1
例	1
藩	1
趟	1
荥阳人	1
朴实	1
兹	1
吃下	1
维护	1
注意	1
理会	1
禁宫	1
水镜	1
驰骋	1
程涣	1
弓弩手	1
孟泽	1
梅乾	1
雷绪	1
淮	1
庞德立义	1
纪律	1
完备	1
身长	1
洪钟	1
响亮	1
坚毅	1
大节	1
夺走	1
考试	1
卷上	1
采集	1
法则	1
婚礼	1
昭示	1
死不瞑目	1
结亲	1
纠结	1
预定	1
开明	1
明了	1
叔向	1
采摘	1
野菜	1
断墙	1
残壁	1
南阪	1
重量	1
厚度	1
皇恩	1
浩荡	1
身孕	1
慈	1
跋扈	1
阴平县	1
华县	1
费县	1
曹德	1
叶县	1
中尚	1
中御府	1
丝织品	1
骥厩	1
庇护	1
奢华	1
独占	1
成性	1
六宫	1
嫔妃	1
鹿角	1
打破	1
傅方	1
胡修	1
撤围	1
木像	1
放声大哭	1
写下	1
桑树	1
爱恋	1
精密	1
认裳	1
进餐	1
开放	1
谷郡	1
胡市	1
收留	1
安扶	1
安家立业	1
争取	1
强援	1
险境	1
慰抚	1
拖欠	1
叛逃	1
前年	1
气候	1
鸟兽	1
鳖	1
傍	1
枝叶	1
面色	1
不周	1
不管	1
出人意外	1
一六一年	1
守身	1
落脚	1
自私自利	1
虚情假意	1
辜铡	1
让贤	1
早饭	1
苍梧郡	1
石灰	1
大袋	1
袋口	1
布索	1
马尾巴	1
战车	1
诸公	1
书箱	1
疑忌	1
横征暴敛	1
暴政	1
列卿	1
推测	1
万民	1
牛骨	1
三思	1
腔	1
途经	1
法定	1
尊为	1
戈	1
窗下	1
放开	1
跳下	1
急切	1
用刑	1
寿张	1
幼年	1
贫苦	1
身高	1
下垂	1
膝盖	1
耳朵	1
胸怀大志	1
迎头	1
抗击	1
摧	1
顿丘	1
记忆	1
黄隽关内	1
要旨	1
汉民	1
蜂拥而起	1
斩尽杀绝	1
同甘共苦	1
行路	1
感动流涕	1
悔改	1
警备	1
陵阳	1
初次	1
郝萌	1
袒露	1
衣衫	1
高顺营	1
炭火	1
当成	1
役夫	1
永无止境	1
需求	1
撑	1
深恩	1
亲迎	1
内里	1
屠户	1
成名	1
空手	1
文治	1
欢笑	1
诸城	1
侧耳	1
野兽	1
认可	1
崔州平	1
确是	1
内水	1
涪	1
沟	1
静	1
文职	1
轮流	1
行贿	1
大师	1
校正	1
古文	1
隶书	1
字体	1
石碑	1
关中人	1
围观	1
重重叠叠	1
每战	1
阵营	1
感念	1
明察	1
一征诚心	1
交还	1
扬雄	1
纷纷扰扰	1
树敌	1
矫健	1
和言悦色	1
息怒	1
奉旨	1
发扬	1
德性	1
规矩	1
发下	1
盛督	1
增拨	1
萧瑗	1
宅	1
正颜厉色	1
育	1
弱于	1
兵连祸结	1
兵势	1
陵寝	1
搜罗	1
良家	1
弓弦	1
矛	1
粘上	1
羽毛	1
机械	1
发射	1
跳上	1
渡船	1
长戈	1
砍落	1
手指	1
捧	1
高下	1
易水	1
乌桓代郡	1
普富卢	1
北郊	1
落户	1
村庄	1
可怕	1
占卦	1
算命	1
锋利	1
秉报	1
守光禄	1
留平	1
寒微	1
前凉知	1
祝良	1
撤职	1
半数	1
文武全才	1
更赋	1
身家	1
合作	1
祖	1
单位	1
孙斌	1
朔方	1
劫走	1
救归	1
路口	1
大部分	1
训勉	1
游娱	1
期望	1
绝顶	1
盛宪	1
高岱	1
鹑	1
依凭	1
辄	1
从官	1
踢	1
得意洋洋	1
妨害	1
宗子	1
繁杂	1
重点	1
优柔寡断	1
泾县	1
远望	1
嘱咐	1
儿	1
亏损	1
会谈	1
传授	1
做人	1
洒扫	1
龙舒侯国	1
范显	1
新君	1
九十	1
大谷	1
沿边	1
内迁	1
杂居	1
豢养	1
远出	1
亘	1
外乡人	1
痛惜	1
惨死	1
正色	1
石包	1
张横	1
马玩	1
血缘	1
小孩	1
吏卒	1
拘泥	1
坚贞	1
防东县	1
措辞	1
黟地	1
陈仆	1
祖山	1
林历山	1
四面者	1
绝壁	1
奢靡	1
淫	1
精美	1
饭菜	1
迁怒	1
捶打	1
书佐	1
当务之急	1
跨上	1
半途	1
奋勇	1
组织	1
瓦解	1
浩大	1
赞成	1
都护	1
耿包	1
家务	1
贤人	1
下子	1
出驻	1
东市	1
龙虎之威	1
彭越	1
提倡	1
阶层	1
褒奖	1
段钱	1
段家	1
侯崐览	1
梅陵	1
湖孰	1
拆阅	1
用心	1
堕落	1
升为	1
祁奚	1
谢	1
票骑	1
兴义	1
冬天	1
趋势	1
益寿亭侯	1
皇太子	1
丑陋	1
出席	1
奴婢	1
褒	1
怒气不息	1
受创	1
河阳	1
派军	1
罗网	1
陷阱	1
并驾齐驱	1
好似	1
玄武池	1
礼聘	1
收纳	1
筹措	1
司徒崔烈	1
直立	1
相劝	1
触怒	1
妒心	1
指望	1
胜仗	1
斗笠	1
遮盖	1
公物	1
违犯	1
同乡	1
引来	1
郑秦	1
独夫	1
拿出	1
藏府	1
骥	1
厩	1
同行	1
梁鹄	1
高爵	1
屈身	1
乡村	1
实践	1
遗弃	1
水沟	1
广石	1
急发	1
北伐	1
五四	1
预	1
白色	1
攀上	1
踊跃	1
头上	1
精壮	1
害死	1
饰物	1
珍贵	1
言听计从	1
苏秦	1
张仪	1
重生	1
役	1
工匠	1
版	1
斧头	1
云	1
生人	1
据实	1
敌寇	1
耸人听闻	1
校令	1
恩主	1
动心	1
非分	1
濡须口	1
四十万	1
西岸	1
公孙阳	1
中辽郡	1
难保	1
吉甫	1
太平教	1
后将军	1
骁骑	1
雄心	1
固定	1
织	1
布匹	1
受挫	1
大言	1
漏洞	1
一面	1
申说	1
理论	1
司马潘隐	1
眼神	1
老家	1
曲阿去	1
江都	1
白天	1
悠闲	1
进令	1
演变	1
徒刑	1
有道	1
就任	1
渠道	1
驻守地	1
游乐	1
淮南王	1
刘安	1
冒死	1
打柴	1
涡	1
肥水	1
登岸	1
芍陂	1
设施	1
阳平亭	1
滏水	1
境地	1
静坐	1
鸟鼠山	1
弊病	1
衣着	1
粗糙	1
哭声	1
悲哀	1
笃信	1
盛行	1
以内	1
长乐宫	1
奏告	1
攻营	1
迷途知返	1
惊疑	1
露宿	1
夷族	1
货币	1
铜人	1
鹿头	1
龙身	1
雀头	1
蛇尾	1
铜马	1
熔	1
贱	1
猛涨	1
所剩无几	1
急驰	1
放下	1
烽火台	1
了望亭	1
警报	1
抓获	1
竟至	1
加封	1
勒索	1
酬答	1
海外	1
北海人	1
布下	1
议郎辛毗	1
移来	1
乐进	1
瞎	1
沟通	1
高于	1
席	1
酒酣	1
桌案	1
婚事	1
加官	1
扬眉吐气	1
依法	1
呼叫	1
子契	1
虚构	1
贼子	1
寒心	1
放虎归山	1
轻轻	1
愁	1
惨	1
历	1
虱子	1
蝗灾	1
天灾人祸	1
交应	1
愚笨	1
能言善辩	1
气盛	1
射到	1
贯穿	1
左耳	1
并羽	1
定为	1
誓约	1
庞臣	1
蓬头垢面	1
破烂	1
柴车	1
蕲阳	1
去掉	1
教义	1
神灵	1
智穷力竭	1
雄心大志	1
磨砺	1
阴谋不轨	1
试	1
食品	1
橱	1
粗劣	1
此地	1
坚实	1
危及	1
宴请	1
过量	1
有毒	1
粪汁	1
呕吐	1
富春县	1
新野县	1
射杀	1
中司马	1
得意忘形	1
御车	1
车具	1
子夏	1
模仿	1
妥善	1
兄	1
听命	1
抽泣	1
兵车	1
雄马	1
龙袍	1
冕	1
礼鞋	1
乐器	1
演出	1
方阵	1
舞	1
漆成	1
堂	1
台阶	1
檐下	1
斧	1
钺	1
祭神	1
玉圭	1
玉勺	1
茂密	1
树林	1
曹腾	1
姓氏	1
据传	1
夏侯氏	1
北海国	1
饼	1
安丘县	1
孙嵩	1
夹	1
败逃	1
行刑	1
刽子手	1
后备	1
庚	1
十二年	1
丁亥	1
二零七年	1
久远	1
前信都	1
岐山	1
平乱	1
略阳城	1
摔掉	1
药杯	1
奋然	1
郎王	1
乌程侯	1
手按	1
呵叱	1
弟董	1
执掌	1
大官	1
体格	1
庄重	1
四面八方	1
帘子	1
辎	1
贱者	1
小车	1
填满	1
街巷	1
刘闳	1
刘苌	1
葭萌城	1
此间	1
英雄好汉	1
义士	1
地窖	1
以礼相待	1
本乡	1
青壮年	1
闷闷不乐	1
突袭	1
付诸	1
棕	1
绳	1
年轻人	1
勉	1
监察	1
核心	1
徐逸	1
平起平坐	1
礼教	1
鸾鸟	1
生趣	1
撤换	1
寨	1
置之不理	1
申屠嘉	1
邓通	1
董宣	1
文帝	1
多难	1
禁制	1
满腔	1
赤诚	1
简单	1
杼秋	1
张宣	1
界桥	1
反扑	1
拔掉	1
大旗	1
残军	1
相望	1
家家	1
强夺	1
奸淫	1
掳略	1
回避	1
皇亲国威	1
终将	1
司空淳于喜	1
服务	1
古今	1
挽留	1
昭帝	1
墓园	1
求降	1
迟钝	1
袁基	1
婴孩	1
妻小	1
乙酉	1
襄贲侯	1
玉堂	1
庭院中	1
青色	1
家长	1
胡文才	1
杨整修	1
神兵	1
五斗米道	1
汉宣帝	1
石渠阁	1
会聚	1
汉章帝	1
白虎观	1
美好	1
武王	1
圣王	1
南阳王	1
兵员	1
屠各胡	1
侯猛	1
谒见	1
腰斩	1
奉送	1
信件	1
在此之前	1
荒凉	1
蚕食	1
拓展	1
发奋	1
振作	1
金城郡	1
暴涨	1
阻碍	1
屡败	1
晃	1
爆发	1
适宜	1
窗	1
递进	1
没有用	1
窦后	1
苦战	1
暴尸	1
模野	1
当即	1
想起	1
看似	1
不错	1
史侯	1
济阴郡	1
各自为政	1
震恐战惊	1
道不拾遗	1
西南	1
赴宴	1
量	1
包容	1
绰绰有余	1
劣	1
了却	1
遗恨	1
素来	1
气势	1
大修	1
中断	1
随机应变	1
衰退	1
藻	1
地界	1
污	1
信服	1
残兵败将	1
内典	1
巢	1
泾阳	1
丹阳人	1
宗部	1
干瞪眼	1
旒	1
金根	1
传说	1
变为	1
渔夫	1
终南山	1
曹常林	1
骥厩丞	1
北军	1
覆灭	1
资财	1
封条	1
原封不动	1
名成功就	1
身居	1
分驻	1
深堑	1
今往	1
魏武帝	1
强横	1
取而代之	1
危言耸听	1
金吾董宠	1
谕旨	1
河内郡	1
诉讼	1
跟前	1
耳提面命	1
训告	1
法庭	1
牺牲	1
外敌	1
贼军	1
官军	1
万众一心	1
组合	1
来不	1
集市	1
蜀郡人	1
景顾	1
脱漏	1
偷安	1
怒目	1
国贼	1
逃脱	1
清心寡欲	1
清静	1
力戒	1
溃不成军	1
外水	1
江阳	1
进殿	1
开恩	1
抛开	1
据点	1
暖	1
昧	1
落马	1
真单	1
孙孝廉	1
换	1
官服	1
普天	1
生于	1
公私	1
乐机	1
执着	1
密布	1
左侧	1
甄举	1
无益于事	1
接手	1
优点	1
截击	1
滇那羌	1
其实	1
石包谶	1
专谈	1
赶往	1
一时间	1
人称	1
孤城	1
已知	1
战时	1
翻船	1
供出	1
大失	1
山都山	1
大司寇	1
少正卯	1
入境	1
应答	1
胭脂	1
粉黛	1
盛化门	1
够格	1
柴桑	1
肮脏	1
行径	1
岁时	1
蓝田	1
掾属	1
反映	1
疾苦	1
私财	1
清贫	1
如果说	1
帐簿	1
考查	1
延见	1
私下里	1
稳住	1
同心合力	1
挂	1
出走	1
停马	1
阐明	1
失当	1
全州	1
江阳郡	1
桂阳城	1
虎威	1
史学家	1
恨之入骨	1
熟飞	1
奸猾	1
粹	1
具瑗	1
恭	1
认	1
六百	1
五八	1
兴废	1
贫弱	1
赤壁	1
抚	1
孔文举	1
用计	1
如若	1
迟	1
打官司	1
自相责备	1
董贵	1
孝仁	1
赶路	1
沈氐	1
种羌	1
迁就	1
敬畏	1
麒麟	1
侍御史祝	1
南皮	1
出外	1
老迈	1
愦	1
见识	1
掩	1
后背	1
缴	1
少府阴	1
毋	1
被困	1
西城	1
男丰	1
穰县	1
延颈	1
云气	1
吉凶	1
事件	1
商贩	1
庸人	1
欺人	1
限定	1
春天	1
了罕	1
要领	1
养老	1
诸州	1
浚仪	1
睢阳	1
渠	1
桓思	1
曹谦	1
偏袒	1
天禄	1
吐水	1
蛤蟆	1
输入	1
魏国	1
金玮	1
役使	1
奴隶	1
岑和	1
史张牧	1
所向无敌	1
弹	1
筝	1
溜走	1
帐篷	1
病根	1
请示	1
逐回	1
上官	1
铺佐	1
再者	1
川	1
穷山恶水	1
域	1
毁伤	1
狼星	1
弧星	1
刘询	1
漯阴	1
训练有素	1
夸奖	1
受罪	1
游魂	1
披戴	1
骑上	1
护甲	1
无上	1
军阵	1
彭伯	1
卢	1
中肯	1
尹房植	1
所向无前	1
溥弱	1
瞧	1
投下	1
蒯祺	1
一行	1
后卫	1
强辞夺理	1
绝对	1
准则	1
费事	1
霜	1
闪电	1
党锢	1
超脱	1
免遭	1
极点	1
平静	1
试探	1
兵将	1
朴	1
国事	1
沛县	1
进城	1
捆	1
超登	1
好容易	1
兼有	1
骑督	1
巴丘	1
九泉之下	1
生者	1
加到	1
死人	1
滥加	1
身世	1
补	1
姐弟	1
机见	1
牵招	1
揪住	1
叩	1
喝酒	1
聚会	1
封锁辕	1
太谷	1
军阴	1
丹水	1
析县	1
汇集	1
讨征	1
忿忿	1
报国	1
妖怪	1
统御	1
厚重	1
癸丑朔	1
伪造	1
自救	1
求雨	1
格杀	1
阴陵	1
实话	1
柔	1
兆	1
阉	1
茂	1
敦	1
上缭宗	1
谢礼	1
遗诏	1
笔	1
谢钱	1
玩弄	1
插手	1
瓦砾	1
拾	1
雄心壮志	1
园内	1
售价	1
马价	1
痛骂	1
逆子	1
恶贼	1
鹿肠山	1
接踵而至	1
守候	1
适于	1
余杭	1
顾全	1
挥戈	1
拭	1
毅然	1
决裂	1
休养生息	1
奔丧	1
减省	1
螽斯	1
祝寿	1
贫贱	1
扶助	1
谈何容易	1
大张旗鼓	1
楚关	1
逐步	1
章帝	1
先辈	1
遗志	1
亲临	1
辟	1
请教	1
孝经	1
欢迎	1
天师道	1
承家	1
私通	1
挖地	1
狄道	1
堤防	1
深刻	1
麾下	1
黑山贼	1
围剿	1
总管	1
黄石	1
大忌	1
共建	1
丞相军	1
司马司马懿	1
西曹属	1
攻战	1
构成	1
夏秋	1
积水	1
舟	1
难题	1
咒语	1
符水	1
府水	1
就此	1
痊愈	1
南昌	1
拔剑	1
料定	1
实质	1
抬高	1
垂承	1
仲虺	1
寿	1
容貌	1
壮美	1
鞋袜	1
原职	1
致以	1
问候	1
撑住	1
倒塌	1
中京	1
赵融	1
冯芳	1
夏牟	1
死得其所	1
忿忿不平	1
陈授	1
深沉	1
献策	1
哪些	1
元帅	1
国威	1
对上	1
无往不利	1
火攻	1
来使	1
钻营	1
门路	1
扩建	1
街	1
巷	1
盗取	1
流经	1
垂钓	1
勒姐	1
金城塞	1
罗亭	1
辅部曲	1
安集	1
征用	1
居处	1
王公	1
佳肴	1
珍膳	1
精致	1
洁白	1
细	1
伏德	1
挟	1
讲求	1
判	1
改判	1
广开言路	1
多多	1
上古	1
经验	1
淫荡	1
音乐	1
普降	1
和风	1
昆虫	1
蚂蚁	1
野蛮	1
显现	1
终结	1
猛虎	1
颖川人	1
扈瑁	1
沈弥	1
娄发	1
刘容	1
本当	1
篡取	1
平难	1
知心话	1
发表	1
指明	1
伺机	1
议论纷纷	1
请来	1
看待	1
敬服	1
鲜插	1
怜爱	1
定亲	1
娶妻	1
人犯	1
中丞段	1
查清	1
致谢	1
着想	1
机龙	1
就算	1
溃逃	1
饥民	1
干练	1
受型	1
中级	1
查渎	1
分担	1
濯龙池	1
为耻	1
叛羌	1
屈	1
唯一	1
前胸	1
大刀	1
颈项	1
叫喊	1
襄邑	1
宁陵	1
渭南	1
垫江水	1
弩	1
脾气	1
讽刺	1
签字	1
孙夏	1
同景	1
刘恺	1
高处	1
避水	1
撤离	1
停下	1
露面	1
借道	1
通往	1
发愤	1
崽子	1
收拢	1
灰	1
原则	1
九十三	1
披头散发	1
青虹	1
下坠	1
母鸡	1
干涉	1
算来	1
曹仁部	1
里外	1
高句骊	1
柳毅	1
阳仪	1
完结	1
本朝	1
便利	1
匮乏	1
呈给	1
舞阴	1
奋击	1
之流	1
嫁女	1
强行	1
中计	1
一怒之下	1
远古	1
广为	1
减缓	1
攻势	1
曹纯	1
援兵	1
贮	1
魏公	1
往返	1
行程	1
恩赐	1
显阳苑	1
起火	1
城西	1
芒阪	1
莫	1
朐	1
他孚	1
假冒	1
请审	1
可信	1
妄加	1
中程球	1
程球	1
董宠	1
执金吾	1
袁绍才	1
间隙	1
韩韶	1
次第	1
叙	1
伤心	1
十一日	1
新丰侯	1
玉衣	1
兴筑	1
高乡侯	1
充实	1
辽远	1
水口	1
游猎	1
宫中	1
芫湖	1
打主意	1
郎王畅	1
安东	1
溧阳	1
次者	1
桃尉	1
骠骑	1
周尚	1
郁林郡	1
谷永	1
授给	1
腰带	1
四十七	1
采撷	1
春花	1
忽视	1
秋实	1
佛陀	1
庙宇	1
沼	1
过严	1
堵住	1
淇水	1
流入	1
白沟	1
封丘	1
尽知	1
无心	1
脱逃	1
书房	1
射猎	1
学府	1
雅乐郎	1
授意	1
下雨	1
刘弘	1
掖庭	1
认作	1
独独	1
徘徊	1
踌躇	1
相通	1
一动	1
单经	1
订立	1
重典	1
流泪	1
两败俱伤	1
对象	1
剃	1
铁圈	1
逐到	1
免予	1
自用	1
目睹	1
犒劳	1
滥设	1
保留	1
王涣	1
密县	1
懿献	1
兵营	1
战场	1
子龙	1
胆	1
回任	1
中朗	1
安平国	1
颖川典农中	1
严匡	1
招扶	1
安居乐业	1
扶老携幼	1
督邮	1
过错	1
摘下	1
院子	1
堂屋	1
商朝	1
微子	1
箕子	1
仁人	1
重臣	1
名册	1
择别	1
赶走	1
军鼓	1
西南角	1
东北角	1
底稿	1
取来	1
线勋	1
直逼	1
离家	1
四处	1
到手	1
例行	1
高密县	1
乡啬夫	1
平凡	1
聘请	1
桑椹	1
难民	1
窦呜犊	1
得心应手	1
雄兵	1
听命于	1
放入	1
预兆	1
夕	1
濒于	1
痛改前非	1
雄伟	1
戎备森严	1
邾县	1
典农	1
十六年	1
相貌	1
幽默	1
豁达	1
损失	1
世家	1
唇	1
舌	1
分子	1
幼弱	1
昌邑王	1
刘贺	1
起强	1
圉	1
昭阳	1
阏	1
广布	1
受惠	1
览	1
五五	1
势孤力单	1
野战	1
夕阳亭	1
善行	1
价值	1
恐怖	1
可疑	1
触犯	1
愚忠	1
改正	1
到此为止	1
喂饱	1
寝席	1
山寨	1
军吏	1
奉献	1
随行	1
夺下	1
建和	1
入侵	1
房檐	1
褒贬	1
狗崽子	1
来历	1
促	1
白马县	1
李去	1
缄封	1
副本	1
司待	1
论罪	1
掐	1
怪罪	1
忠烈	1
苟	1
袁绍刚	1
败仗	1
涣散	1
摆脱	1
一扫而平	1
乌桓王	1
总领	1
拂	1
刀枪	1
商量	1
断交	1
恨不能	1
刘州	1
扬	1
汤	1
沸	1
釜底抽薪	1
痈	1
溃烂	1
疼痛	1
侵蚀	1
脏腑	1
呼声	1
矢	1
射出	1
扶沟县	1
韩卢	1
东郭	1
兔	1
老农	1
不劳而获	1
故事	1
再现	1
乌巢	1
坚壁清野	1
御史顺	1
诬	1
王隆	1
刘渊	1
大鸿胪荣	1
梁邵	1
姜宣	1
琅邪国	1
租	1
吃上	1
顿	1
富强	1
抵罪	1
羞耻心	1
善心	1
义军	1
远行	1
凡人	1
阎	1
始祖	1
文王	1
马忠	1
章乡	1
关平	1
公孙域	1
司马迁	1
史记	1
注重	1
时宜	1
充领	1
畔	1
效仿	1
压制	1
平乐观	1
胤充城	1
多达	1
售卖	1
纵欲肆志	1
巴中	1
割去	1
结拜	1
异姓	1
摩擦	1
童谣	1
大本营	1
偏激	1
包藏	1
汉中郡	1
交替	1
周而复始	1
循环	1
规律	1
见怪	1
非独	1
从宽	1
因地制宜	1
正法	1
河流	1
引水	1
灌	1
青牛角	1
郭大贤	1
乱匪	1
西平	1
演	1
蒋石	1
机智	1
马房	1
自制	1
气忿	1
休	1
讲和	1
爱子	1
验收	1
合格	1
郡官	1
贱卖	1
原价	1
十分之一	1
定额	1
朽坏	1
布阵	1
推出	1
私恩	1
宋酆	1
放声	1
凯风	1
用尽	1
开到	1
内患	1
王岭	1
应募	1
箭如	1
偷袭	1
朱符	1
乱贼	1
侯汶	1
棍	1
撤消	1
调换	1
定制	1
过河	1
褚贡	1
结合	1
鸡窝	1
结写	1
阮	1
记室	1
陈容	1
崩塌	1
风谷	1
靡	1
脸面	1
都官	1
迫不及待	1
预示	1
返还	1
乌林	1
战役	1
竭尽全力	1
一块	1
受雇于	1
漆	1
工	1
鄢陵	1
庾乘	1
门卒	1
窃据	1
度德量力	1
伸张	1
以致于	1
挫折	1
曹均	1
磬河	1
养蚕	1
牲畜	1
臣民	1
卫将军	1
活命	1
大幸	1
狼藉	1
装有	1
设备	1
载运	1
董公	1
原有	1
敌众我寡	1
火光	1
弄到	1
万户侯	1
不在话下	1
匹敌	1
鬼	1
奔袭	1
分享	1
拖住	1
从行	1
服役	1
断断续续	1
谋求	1
利益	1
君亲	1
身死名灭	1
闻	1
师出无名	1
孟公绰	1
家臣	1
才力	1
滕	1
薛	1
重围	1
死守	1
远处	1
藏有	1
白银	1
八九万	1
堆积如山	1
拜封	1
再三再四	1
面不改色	1
扫地	1
权柄	1
强大者	1
称雄	1
倒拿	1
手柄	1
装满	1
编造	1
于比景	1
过度	1
执笔	1
声援	1
奏命	1
战无不胜	1
一决胜负	1
连战	1
连败	1
耳闻	1
跟上	1
老相识	1
隔开	1
副军	1
统令	1
申耽	1
抬来	1
下起	1
涕泪	1
哽咽	1
疲	1
怯懦	1
变卖	1
上缴	1
减收	1
园林	1
招兵	1
厚道	1
择安去危	1
见机行动	1
卓识	1
扼住	1
疾风	1
吹落	1
秋叶	1
俗士	1
晋文经	1
另眼相看	1
蔡杨	1
裴	1
潜	1
菅	1
连坐	1
英	1
身强力壮	1
老幼病弱	1
踪迹	1
京兆人	1
诏使	1
揽	1
慷慨激昂	1
壮志	1
穷尽	1
捆住	1
左胜	1
皮	1
专断	1
瓦罐	1
破碎	1
秉性	1
中山人	1
兴兵作乱	1
十常侍	1
投靠者	1
充任	1
五六百	1
栋梁大臣	1
先知先觉	1
正议	1
陈端	1
挽	1
无虚发	1
拼力	1
短兵相接	1
胆气	1
水势	1
不以为然	1
城堡	1
灾异	1
良善	1
出手	1
诈	1
伪	1
花样百出	1
鸣	1
蝉	1
脱壳	1
解脱	1
狂人	1
李封	1
薛兰	1
西进	1
成熟	1
饭食	1
仓猝	1
见方	1
竭尽	1
低劣	1
广都	1
烂醉	1
紫微星	1
携载	1
锦帛	1
叫来	1
定计	1
出血	1
数十万	1
泗水河	1
阻塞	1
河道	1
转弱	1
丑类	1
董萌	1
按时	1
礼品	1
打扮	1
杂	1
急进	1
俨	1
斜谷口	1
文聘	1
节令	1
孙微	1
侍者	1
溅到	1
战祸	1
田宅	1
好感	1
私宠	1
周详	1
徐奉	1
次年	1
幸事	1
赴汤蹈火	1
时尚	1
登门	1
银	1
铜制	1
詹晏	1
世居	1
自重	1
作弊	1
盆	1
中策	1
活动	1
建威	1
佐军	1
送命	1
累世	1
居位	1
剃光	1
林虑	1
冶	1
烟	1
炭	1
形容	1
憔悴	1
英名	1
荀进	1
打听	1
何在	1
吓住	1
警	1
跸	1
戒严	1
诽谤主	1
昭宁	1
永汉	1
刘崎	1
匆促	1
疾言厉色	1
进抵	1
浮桥	1
理解	1
姜仲海	1
教敬	1
超群	1
掀起	1
迫近	1
故里	1
献媚	1
姑息	1
不良	1
鸡鸣	1
疾驰	1
姿态	1
刑律	1
适应	1
当地人	1
站定	1
阳华亭	1
制约	1
积压	1
任涉	1
会同	1
曹宽	1
张宴	1
焉耆	1
龟兹	1
车师	1
桢中	1
十分之三四	1
迷信	1
绛	1
弹琴	1
烧香	1
道家	1
有助于	1
学成	1
闲暇	1
严正	1
着力	1
吴起	1
倚靠	1
研究	1
浏览	1
津桥	1
监谷利	1
冲势	1
飞跃	1
继而	1
奉诏	1
十三日	1
派入	1
汉中人	1
板族	1
玩笑	1
按兵不动	1
天空	1
横贯	1
天际	1
观测	1
填补	1
塌	1
临晋侯	1
中陵	1
蓄意	1
赠送	1
带回	1
司马沛国	1
新兵	1
启程	1
士绅	1
同船	1
神仙	1
轻而易举	1
平原人	1
恭陵	1
宰辅	1
怅然长叹	1
父母官	1
剥削	1
于心不忍	1
惟恐	1
看完	1
发抖	1
嗤笑	1
蒲亭	1
衣食	1
耗费	1
饥色	1
涨价	1
赋敛	1
压低	1
冷	1
怜恤	1
栋梁	1
材	1
官史	1
宣誓	1
只管	1
标新立异	1
耍	1
六州	1
根源	1
夏崐季	1
腐烂	1
骨骼	1
惨状	1
底	1
旧交	1
厚德	1
自料	1
绞死	1
姊妹	1
自焚	1
至诚	1
程婴	1
鼻子	1
牛马	1
嘴唇	1
舌头	1
拿给	1
云梦	1
水滨	1
郡学	1
左原	1
官秩	1
沙砾	1
化作	1
瓦片	1
白玉	1
天皇	1
伏羲	1
纯洁	1
屏	1
补充	1
偏将军	1
城郭	1
守备	1
腹背受敌	1
险道	1
首阳山	1
叔齐	1
向导	1
填	1
穿过	1
王庭	1
打到	1
刀刃	1
诸羌	1
退却	1
融洽	1
德高望重	1
公路	1
张敬	1
并用	1
写上	1
伊陵	1
栾提车儿	1
菲薄	1
品格	1
卑下	1
取悦	1
襄	1
楷	1
歪曲	1
陆军	1
像话	1
憨直	1
日后	1
垂怜	1
苦心	1
掩蔽	1
责怪	1
吞声	1
深远	1
担负	1
执意	1
旅	1
脉	1
牒	1
确立	1
故友	1
推翻	1
从未	1
当众	1
上钩	1
微微	1
挖凿	1
屯聚	1
角落	1
大惊失色	1
供词	1
二百余	1
来说	1
长叹	1
过早	1
主使	1
龙蛇	1
灾孽	1
抢光	1
刻苦	1
奸邪	1
暴戾	1
狼狈不堪	1
讨平	1
尹朱俊	1
轻蔑	1
胡说	1
宝刀	1
裂	1
危重	1
除非	1
乞请	1
刻印	1
铁锥	1
划	1
文仲业	1
紧要	1
俗	1
庸	1
疏忽	1
荀淑	1
脱	1
兵器库	1
殄	1
富豪	1
触	1
在乎	1
事主	1
杜牧	1
尹端	1
阻击	1
陪侍	1
豆豉	1
说成	1
临危不乱	1
动容	1
遭遇	1
聪敏	1
承受	1
归心于	1
诱降	1
伪装	1
幡	1
旗	1
做成	1
人像	1
逃遁	1
帖	1
苦情	1
泣	1
五十万	1
对不起	1
指导	1
显要	1
伟璋	1
盖升	1
荣华富贵	1
在位	1
抽身让贤	1
安好	1
接合	1
加固	1
仁厚	1
当着	1
揎	1
袖	1
隐私	1
登车	1
故业	1
次子	1
涂抹	1
鞍马	1
改用	1
船舰	1
水乡	1
跋涉	1
江湖	1
疾疫	1
张子谦	1
转祸为福	1
坦白	1
深信不疑	1
美人	1
夺权	1
发难	1
遭殃	1
羲	1
鸿都	1
供职	1
保管	1
好人	1
抱有	1
私怨	1
蛟龙	1
云雨	1
赞助	1
水池	1
应验	1
自卫	1
气量	1
帷幔	1
垄断	1
价	1
涨到	1
二百万	1
后继	1
国君	1
能干	1
九百	1
王咸	1
李权	1
扬武中郎	1
破口大骂	1
主子	1
落井下石	1
报应	1
原名	1
褚燕	1
飞燕	1
屈驾	1
受命	1
赵盾	1
史官	1
弑	1
分支	1
於扶	1
覆	1
移驾	1
穷途	1
潦倒	1
哀悼	1
传布	1
抬上	1
通奸罪	1
混进	1
行列	1
幸而	1
原籍	1
服罪	1
前程	1
无所知	1
奖惩	1
昌门	1
饯行	1
握住	1
手腕	1
道别	1
侍御	1
史侯汶	1
辽阔	1
显扬	1
高明	1
荐	1
崇德	1
守丧	1
案件	1
祭悼	1
擢	1
直攻	1
告急	1
托辞	1
疗养	1
来访	1
当今	1
为首	1
唯我独尊	1
诚信	1
恭谨	1
不平	1
敦煌郡	1
苦苦	1
哀求	1
割地	1
凳	1
日月	1
旧属	1
规向	1
镇审	1
不息	1
屠各	1
满怀	1
执政	1
犯有	1
幼小	1
强臣	1
英雄无	1
量力	1
麻木不仁	1
溺爱	1
顽劣	1
丹杨	1
郡山	1
越族	1
轻便	1
年高德劭	1
留心	1
抛除	1
旧恨	1
广阔	1
比美	1
瑀	1
科目	1
文官	1
辛酋	1
戊子	1
二十九日	1
子衡	1
天廷	1
五方	1
闪烁	1
文武双全	1
宣平	1
门楼	1
上呈	1
该当	1
曹贵人	1
册立	1
汉兴	1
南平	1
辰时	1
颂	1
祸首	1
居风	1
县民	1
群众	1
多嘴	1
纬	1
东掖	1
庭永巷	1
陆浑	1
孙狼	1
车胄	1
领导	1
领袖	1
讲究	1
排场	1
处世	1
东海国	1
黄浮秉公	1
砍柴	1
妇	1
绝色	1
美味	1
推算	1
通婚	1
备齐	1
捶	1
免掉	1
百工	1
技艺	1
辞赋	1
篇章	1
专心	1
二十二年	1
深思	1
佞臣	1
给养	1
鼻息	1
怀抱	1
奶	1
沛	1
帝座	1
河南尹	1
玩	1
博塞	1
博戏	1
亲昵	1
发散	1
刀剑	1
闯入	1
承明门	1
振臂	1
谷物	1
援引	1
例子	1
比喻	1
亵渎	1
袁胤	1
塞内	1
编入	1
贡	1
过盛	1
猎鹰	1
猎物	1
羞惭	1
结下	1
武丁	1
封住	1
响	1
曹休	1
乱臣贼子	1
亲恩	1
军情	1
转危为安	1
中牛	1
再见	1
零陵人	1
广都长	1
枪	1
刺中	1
头盔	1
国力	1
拜托	1
先父	1
苦于	1
私钱	1
天市	1
假使	1
朱誉	1
守置	1
平生	1
贪天之功	1
赞	1
对面	1
应手	1
后撤	1
打断	1
河岸	1
拆去	1
桥梁	1
怒目而视	1
张翼德	1
山阴县	1
老翁	1
若邪山	1
鄙陋	1
通宵	1
盱眙	1
淮阴	1
圣朝	1
瞽	1
谋得	1
奂	1
同姓	1
开设	1
西邸	1
高低	1
二千万	1
四百万	1
当选	1
三分之一	1
钱库	1
贮藏	1
壬	1
瘿	1
陶王	1
悝	1
牟取	1
畏服	1
客居	1
老乡	1
鄙视	1
挂念	1
有愧	1
同伴	1
底下	1
避雨	1
正襟危坐	1
倚	1
大井	1
记	1
举不胜	1
磨灭	1
老父	1
缓兵	1
奉行	1
财源	1
贡固	1
枕	1
藉	1
股	1
东垣	1
骑射	1
力气	1
重罚	1
殷纣	1
失道	1
宗子卿	1
翦	1
雄厚	1
孤	1
怨	1
归众	1
穷寇	1
生病	1
韦端	1
苏伯	1
李暹	1
谦	1
调任	1
下层	1
柱天	1
转道	1
宽赦	1
称君	1
五十七	1
西乡侯	1
就座	1
背负	1
窝藏	1
钩盾	1
玉堂殿	1
掖庭令	1
毕岚	1
铜钟	1
容量	1
董腾	1
低于	1
治书	1
奉车	1
刘瑁	1
在世	1
任约	1
押运	1
韩猛	1
轻敌	1
侧门	1
殿门	1
省	1
精于	1
近在咫尺	1
正南	1
责骂	1
醇厚	1
不知不觉	1
沉醉	1
天心	1
措手不及	1
急病	1
旷日	1
武都人	1
遍及	1
断粮	1
取用	1
湘	1
参户	1
刘尚	1
练习	1
放大	1
嗓门	1
悔恨	1
状	1
于阗	1
拘弥军	1
拘弥王	1
没用	1
腐	1
腿脚	1
痉挛	1
走路	1
免祸	1
金印	1
紫色	1
玩具	1
赵弘	1
李研	1
郡界	1
雄	1
重心	1
军需	1
古公	1
姬父	1
归功	1
权利	1
奋发忘食	1
运筹	1
龙凑	1
获悉	1
行期	1
幼时	1
先进	1
女官	1
限	1
徒然	1
和谐	1
排挤	1
苍蝇	1
谗	1
佞	1
慈母	1
误信	1
传闻	1
梭	1
参见	1
语无伦次	1
从始至终	1
掘出	1
玉印	1
尊称	1
汉宁王	1
住地	1
辛曾	1
屡立	1
丰	1
处事	1
自以为是	1
相容	1
兰陵令	1
会稽人	1
郡义	1
稻	1
刘嚣	1
勤勉	1
器度	1
诡计	1
六安	1
万岁亭	1
侯荀	1
基础	1
汝阳	1
衡	1
武原	1
侯徐璜	1
羁押	1
廉忠	1
妃妾	1
歌舞	1
伎女	1
失魂落魄	1
贼曹	1
枭雄	1
熊	1
广阳郡	1
北平郡	1
屡战屡败	1
同郡人	1
闲谈	1
痛快	1
冒顿	1
激愤	1
季布	1
妄作非为	1
慌乱	1
勇里	1
袁氏	1
水深火热	1
急难	1
提前	1
梗	1
刚烈	1
假设	1
猜测	1
常度	1
永安宫	1
望台	1
景致	1
中大人	1
田模	1
才略	1
举世无双	1
大海	1
沮鹄	1
匹夫之勇	1
白狼山	1
寄居	1
刘贷	1
淳朴	1
补任	1
祐	1
虞祁	1
北疆	1
说来	1
同乡人	1
平易近人	1
机敏	1
亲疏	1
古都	1
章陵	1
出生	1
将相	1
罢官	1
姐姐	1
赵伯英	1
本末	1
暗暗	1
悲叹	1
非理	1
李蒙	1
高大	1
第八	1
一六零年	1
四边	1
沃野	1
天府	1
珍惜	1
条件	1
粮谷	1
骄纵横行	1
奇	1
队	1
外围	1
以防	1
梁衍	1
吕子明	1
果敢	1
韬略	1
动辄	1
泰朝	1
先得者	1
虞贵人	1
葬礼	1
剁碎	1
悲愤	1
擦	1
舔	1
苍悟	1
燮	1
相隔	1
尊严	1
至高无上	1
盛大	1
难免	1
市中	1
明明	1
辨察	1
真伪	1
膳	1
炽	1
敌国	1
万世	1
精良	1
目	1
济	1
零陵城	1
攻进	1
白发	1
农种	1
流矢	1
直通	1
大赏	1
身分	1
射阳	1
华容侯	1
无端	1
大哭	1
短命	1
铁戈	1
挖开	1
岩石	1
缝隙	1
布带	1
裹住	1
绑到	1
守兵	1
应变	1
上禄	1
书灵帝	1
曾祖	1
高雅士	1
无虑	1
徙	1
本土	1
守节	1
大势	1
改观	1
齐声	1
赵祗	1
刺史俭	1
行走	1
留有	1
残迹	1
循	1
裴茂	1
西羌军	1
榆中	1
雩娄	1
胆量	1
失节	1
沉入	1
将干	1
回转	1
赞为	1
丹徒	1
殷实	1
海边	1
蠡吾侯	1
居府	1
美言	1
真话	1
军事家	1
义理	1
紧接着	1
亲族	1
姻戚	1
冯述	1
前殿	1
全都	1
省阁	1
内宫	1
御厩	1
都候	1
剑戟士	1
张彪	1
比景	1
都乡	1
句章县	1
聚众	1
相抵	1
耽误	1
脊梁	1
秘书	1
悦	1
鉴	1
识破	1
骗局	1
抓到	1
不仁	1
财货	1
积怨	1
运载	1
停放	1
公报	1
永寿	1
学舍	1
奉还	1
抢走	1
岩渠	1
扶风人	1
埋	1
入土	1
面积	1
湘水	1
界	1
猝然	1
霸陵	1
仓	1
精干	1
贱价	1
颍阴	1
阳翟	1
意气用事	1
配合	1
二十一年	1
活埋	1
成武侯	1
向往	1
仁政	1
丙寅晦	1
栖息	1
燃烧	1
赖以	1
煮烂	1
笄	1
自已	1
诈降	1
转强	1
广平	1
一六三年	1
疏浚	1
挖成	1
漳河	1
引入	1
城中人	1
大半	1
孙氏	1
逮	1
押	1
街头	1
耿纪	1
司直韦晃	1
太医	1
吉穆	1
南面	1
施仁	1
赵飞燕	1
乞求	1
城南	1
反绑	1
身后	1
零吾	1
范仲博	1
熬	1
稀粥	1
爱妾	1
食用	1
鼎足三分	1
诌媚	1
过目	1
酒量	1
戒掉	1
二十八	1
拱卫	1
郡兵	1
头脑	1
尉劳	1
劝令	1
伸长	1
殷切	1
盛世	1
九卿	1
身患	1
顽疾	1
犬马	1
掉尽	1
地理	1
知识	1
松	1
贾护	1
引荐	1
趋炎附势	1
夹杂	1
中间	1
街头巷尾	1
琐碎	1
趣事	1
戊己	1
王子	1
定兴	1
薄氏	1
许久	1
邓氏	1
迎娶	1
占先	1
连带	1
小差	1
可恶	1
天公	1
地公	1
人公	1
城镇	1
弃职	1
一九二年	1
邓遵	1
赐封	1
黄隽	1
城垣	1
邓县	1
驾御	1
轻用	1
担扰	1
惊骇	1
瞪	1
大耳朵	1
厚薄	1
大长秋	1
前司空虞放	1
拷	1
激发	1
具有	1
明哲保身	1
寒蝉	1
相提并论	1
东北	1
辞谢	1
应召	1
沈氐羌	1
耗尽	1
惊慌失色	1
大方	1
元义	1
按期	1
酷吏	1
九江郡	1
任期	1
殿后	1
汗流浃背	1
压倒	1
遣退	1
博学	1
德望	1
曹仓舒	1
崔	1
最多	1
侯印	1
孤道寡	1
孤弱	1
无愧于	1
上党郡	1
壶关口	1
庞大	1
寇盗	1
行馆	1
侧房	1
千方百计	1
治疗	1
护理	1
马徒	1
潜入	1
开采	1
铜矿	1
炼制	1
食盐	1
豺狼虎豹	1
耻	1
监视	1
宗室	1
司马孙坚	1
已然	1
齐名	1
长寿	1
双全	1
信使	1
写有	1
自命清高	1
司徒淳	1
于嘉	1
自在	1
视察	1
犬城	1
淳于登	1
义务	1
片言只语	1
败军之将	1
也许	1
无罪无悔	1
弥天	1
安定王	1
退位	1
责成	1
返身	1
望风披靡	1
怀义	1
元城县	1
文学掾	1
卢毓	1
法曹	1
议令史	1
拔给	1
京口	1
策书	1
掌兵	1
引动	1
诱使	1
严谨	1
家话	1
逆德	1
南单于	1
一路	1
回心转意	1
五十八	1
十四年	1
东曹属	1
东莞	1
谗毁	1
免受	1
斩断	1
臂膀	1
功名	1
击斩	1
带上	1
鸟吾羌	1
名位	1
单迁	1
不一	1
梯子	1
撤开	1
耳中	1
暂	1
护卫	1
鸣号	1
奏起	1
军乐	1
尚书傅	1
连结	1
归化	1
夺	1
频繁	1
职守	1
庶民	1
取舍	1
斟酌	1
区内	1
应允	1
承诺	1
共商	1
操纵	1
高帝	1
平城	1
哪个	1
楼上	1
求赏	1
高居	1
崇敬	1
缺失	1
求生	1
繁	1
切实	1
小径	1
围绕	1
田延年	1
土德	1
黄色	1
火德	1
赤色	1
运转	1
宛县	1
富商	1
名叫	1
某	1
沾	1
赏玩	1
横行霸道	1
收罗	1
怀中	1
铁矛	1
识别	1
贤愚	1
在案	1
谈笑自若	1
东涧	1
毕圭苑	1
孙隽	1
李翕	1
张禀	1
率师	1
赵熹	1
列举	1
限于	1
差遣	1
倍受	1
过份	1
越云	1
黑白	1
可谓	1
抛掷	1
沙石	1
玉璧	1
沙羡	1
寻阳	1
成例	1
都乡侯	1
郑重	1
遗命	1
整天	1
土著	1
阻截	1
守寡	1
一生	1
勤劳	1
有始无终	1
有知	1
亡夫	1
居巢	1
地方官	1
画出	1
封闭	1
任免	1
佳	1
自如	1
斋戒	1
妖异	1
初步	1
刘进言	1
捍卫	1
随声附和	1
唯唯诺诺	1
深恐	1
叫进	1
内室	1
行事	1
据说	1
郏下	1
下安	1
检阅	1
佩剑	1
欢欣	1
奋起	1
擅离职守	1
远涉	1
奇袭	1
先机	1
乡里人	1
豪放不羁	1
女伎	1
载歌载舞	1
座下	1
听讲	1
斜视	1
遥遥无期	1
威逼	1
池阳	1
惊奇	1
圭苑	1
灵昆苑	1
陈式	1
马鸣阁	1
轻骑	1
长史张	1
惨败	1
十分之七八	1
杀身之祸	1
闲坐	1
吟咏	1
坐镇	1
传召	1
排奸	1
鞋子	1
山陵	1
位置	1
赖	1
谴	1
考绩	1
优秀	1
古时	1
欢喜	1
已毕	1
西土	1
率众	1
疏阔	1
气概	1
败于	1
曹阳	1
栾提呼征	1
嘱托	1
阅读	1
厌烦	1
受益	1
毁灭	1
守法	1
遗使者	1
合迁	1
出自	1
圣上	1
得过且过	1
知难自退	1
探病	1
孱陵侯	1
都昌城	1
负有	1
条侯	1
易京城	1
公孙	1
奔往	1
反攻	1
坞乡	1
杨安殿	1
杨俊	1
王象	1
荀纬	1
王凌	1
沽	1
兵众	1
韦著	1
李昙	1
说完	1
泪流满面	1
勇健	1
层出不穷	1
边关	1
疏漏	1
精炼	1
铁器	1
外流	1
汉族人	1
智囊	1
锐利	1
迅疾	1
取笑	1
洪水	1
临头	1
配称	1
郭大	1
白波谷	1
华容道	1
步行	1
农具	1
耕牛	1
凡夫俗子	1
瓜葛	1
六七百	1
神速	1
几万	1
和连	1
贪财	1
岗位	1
安狄	1
安降	1
一见如故	1
移居	1
仰天	1
该死	1
待到	1
了结	1
上廷尉	1
领受	1
定军山	1
判定	1
检验	1
困扰	1
名实	1
狡诈	1
免得	1
相助	1
被囚	1
不知所措	1
退上	1
丘	1
晋阳县	1
进犯	1
感觉	1
转战	1
扎	1
实意	1
秋天	1
展开	1
蕲春	1
东渡	1
人烟	1
绣	1
鸣冤	1
感悟	1
士族	1
文人	1
恶浊	1
美号	1
宗师	1
宗慈	1
羊陟	1
八顾	1
表率	1
孔昱	1
檀敷	1
八及	1
导师	1
东平国	1
王孝	1
胡母班	1
秦周	1
蕃响	1
王章	1
舍财救人	1
侠士	1
激怒	1
爱惜	1
张肃	1
祸事	1
为名	1
调往	1
抗	1
钻	1
空子	1
殒命	1
刷	1
抹	1
仓房	1
穿井	1
苦难	1
骊姬	1
常规	1
其二	1
陈平	1
亡命	1
朱寓	1
荀绲	1
刘祐	1
妫皓	1
戴恢	1
并列	1
斩首之祸	1
再生	1
打点	1
挫败	1
关心	1
王累	1
当利	1
樊能	1
张英	1
不适	1
领地	1
仆役	1
孙登	1
周循	1
周胤	1
兴业	1
晓	1
谕	1
制成	1
竹箱	1
宅邸	1
大公无私	1
召揽	1
杨秉穷	1
来龙去脉	1
越狱	1
大梁	1
意气	1
壮烈	1
求饶	1
兼顾	1
萤火虫	1
微光	1
百姓家	1
板车	1
歇息	1
二十八日	1
崐北	1
节气	1
典礼	1
患难之交	1
党人案	1
寻求	1
想方设法	1
风声	1
空城	1
抢到	1
荒芜	1
白衣	1
大堤	1
杀出	1
冲锋	1
直追	1
罪大恶极	1
绑赴	1
开方	1
官仲	1
惦念	1
砥柱	1
大办	1
疼爱	1
和约	1
刘循	1
回朝	1
默默	1
进到	1
设防	1
道驾	1
归献	1
酒饭	1
义渠	1
流过	1
染	1
许耽	1
拴住	1
奔波	1
忙碌	1
拜受	1
指教	1
安身	1
一五九年	1
綦稠	1
刘政	1
阳终	1
肥如县	1
徒弟	1
牢	1
朋	1
名气	1
许子将	1
威慑	1
音	1
前事	1
丛林	1
鸾凤	1
栖身	1
大贤	1
毫不迟疑	1
不拘一格	1
其力	1
店铺	1
盗窃	1
处置	1
胡亥	1
五十多	1
未央殿	1
大会	1
残败	1
忧国忧民	1
缘边	1
常轨	1
阉割	1
伏法	1
赎	1
外戚	1
箴	1
鹄	1
伏龙	1
推托	1
阿附党	1
撤出	1
讨虏	1
孤身	1
即刻	1
上阵	1
答辩	1
作好	1
颍川人	1
姊夫	1
岳母	1
驰	1
抄	1
跑回	1
官邸	1
建有	1
堡寨	1
菜肴	1
司空宣酆	1
据为己有	1
寺庙	1
诵读	1
佛经	1
招引	1
佛教徒	1
贪功	1
悠悠	1
倔强	1
相干	1
卷入	1
榻	1
眠	1
情同手足	1
大庭广众	1
整日	1
周旋	1
艰险	1
寻常	1
韦康	1
受任	1
好马	1
送礼	1
道贺	1
酒肉	1
上级	1
跳到	1
仆射士	1
杨瓒	1
江亭	1
竹席	1
孙皎	1
平抑	1
一并	1
维	1
渊	1
顷刻间	1
浓烟	1
遮天蔽日	1
张咨	1
诱	1
震恐	1
均	1
温侯	1
驱驰	1
面颊	1
丘力	1
官场	1
激将法	1
吴子兰	1
王服	1
放声大笑	1
同党	1
撕裂	1
血书	1
反驳	1
探监	1
变脸	1
马延	1
借宿	1
逐出	1
烦闷	1
气数	1
神亭	1
旧将	1
爬上	1
助长	1
势头	1
商高宗	1
野鸡	1
鼎耳	1
啼叫	1
发雷霆	1
拍手称快	1
冤仇	1
附属军	1
胡兵	1
徵	1
栾提	1
刘建	1
刘佗	1
任城王	1
横野	1
正眼	1
相视	1
回击	1
丹	1
急于	1
奠定	1
越国	1
注定	1
胡人夷人	1
讥笑	1
盟友	1
盾牌	1
一动不动	1
危乱	1
压服	1
厄运	1
床前	1
下拜	1
船工	1
左手	1
举起	1
撑船	1
五十五	1
主宰	1
智者	1
对比	1
走开	1
克敌	1
赞许	1
金銮	1
宝殿	1
御座	1
青蛇	1
爰	1
道人	1
史子眇	1
威德	1
羌子牙	1
武职	1
兴修	1
文教	1
止息	1
干戈	1
凶悍	1
虚诞	1
验证	1
丁未朔	1
阴险	1
测	1
敌兵	1
旗下	1
阳平山	1
险峻	1
山道	1
考城	1
薄亭	1
苍鹰	1
搏击	1
呀	1
朝臣	1
嘲笑	1
肢解	1
节段	1
道边	1
篱墙	1
枳苑	1
乌桓族	1
臣氐	1
何至于	1
纷纷攘攘	1
外人	1
望垣	1
团团	1
捕鱼	1
悄然	1
西北	1
部息	1
义气	1
侠客	1
出口成章	1
瞩目	1
赞赏	1
二十日	1
夏门亭	1
青盖车	1
守御	1
霍去病	1
家业	1
无暇	1
南顾之机	1
不可胜数	1
诛除	1
克敌制胜	1
摒弃	1
选任	1
木板	1
搬动	1
坞门	1
专谋	1
匙子	1
筷子	1
跌落	1
打雷	1
迅	1
暴风	1
尹奉	1
李俊	1
曲	1
牵制	1
进出谋划策	1
闭	1
麻雀	1
左刺史	1
诘	1
责	1
无状	1
衅	1
乞	1
槛	1
慝	1
踪	1
绪	1
比照	1
视同	1
书法	1
绘画	1
无能为力	1
倒悬	1
阳夏	1
柘	1
姑且	1
装入	1
关进	1
探视	1
对敌	1
泛	1
宋妃	1
巫蛊	1
方术	1
邪门	1
旁道	1
诅咒	1
郑袤	1
弃军	1
公孙恭	1
三江	1
君父	1
大耻	1
惜	1
宜于	1
聪慧	1
慎密	1
三国	1
鼎立	1
厕门	1
战旗	1
蒙难	1
雪耻	1
宋冲	1
东井星	1
毁弃	1
曲阳	1
大大	1
宫苑	1
沙丘	1
渡水	1
急攻	1
精灵	1
清水口	1
收兵	1
宾馆	1
迎候	1
要事	1
主旨	1
自刎	1
邓绥	1
改嫁	1
移动	1
忧闷	1
伸	1
加入	1
增置	1
城阳	1
利城	1
昌虑	1
王政	1
肥	1
泰国	1
关靖	1
劫	1
庞	1
煮成	1
肉羹	1
天帝	1
裨益	1
囚犯	1
募集	1
隆重	1
犒赏	1
城里	1
碍于	1
条文	1
作奸犯罪	1
巧妙	1
舍本逐末	1
老兵	1
破败	1
烤好	1
浸泡	1
晒干	1
包裹	1
烤鸡	1
隧道	1
泡	1
湿	1
酒味	1
溢出	1
米饭	1
茅草	1
垫	1
骨头	1
飞来	1
牧韦端	1
严峻	1
坐塌	1
坐榻	1
苍亭	1
卜巳	1
从重	1
大叫	1
弃城	1
天时	1
经由	1
戏子然	1
逃出	1
耒阳	1
擒	1
望族	1
办事	1
迁出	1
旧宪	1
让出	1
家资	1
富足	1
倾	1
巴结	1
摇橹	1
左边	1
开辟	1
鸿池	1
右边	1
林	1
法度	1
下等	1
蠢才	1
宝座	1
相似	1
孔夫子	1
骚乱	1
斗筲	1
戚	1
眼色	1
上进	1
去职	1
就势	1
爱人	1
万潜	1
肖	1
麋	1
试图	1
羽	1
疲劳	1
和顺	1
事机	1
分离	1
涨水	1
征南	1
狡猾	1
骗	1
月底	1
脱去	1
史璜	1
逝世	1
当中	1
张奉	1
微服	1
出行	1
兜售	1
乌烟瘴气	1
无所不用其极	1
主力	1
崐高	1
大器	1
秋	1
牌位	1
摆放	1
千余	1
中衰	1
无益	1
故安	1
预防	1
沛国相	1
赵子龙	1
洞	1
偷看	1
少量	1
唉声叹气	1
成眠	1
小孩子	1
惩办	1
奸怪	1
民俗	1
杨怀	1
高沛	1
敬酒	1
甘兴	1
魏朝	1
成事	1
瘠	1
枯干	1
朽	1
善用	1
扶罗	1
危局	1
一九一年	1
正面	1
懦弱	1
赦免令	1
礼敬	1
告退	1
表白	1
令行禁止	1
必经之路	1
建义	1
凶猛	1
丝毫	1
功效	1
先王	1
差异	1
惊吓	1
谒者	1
有志大义	1
身体力行	1
允当	1
殷厚	1
寿终正寝	1
升至	1
正当	1
雷霆	1
霹雳	1
拔起	1
车前	1
交手	1
黄射	1
安如泰山	1
累	1
卵	1
张南	1
向存	1
阆	1
速战速决	1
持久战	1
两亿	1
无须	1
山河	1
长城	1
障	1
风俗习惯	1
民族	1
空下	1
主上	1
天色	1
司空孙郎	1
长寿亭	1
论处	1
讥刺	1
汉室	1
看重	1
福气	1
鞭刑	1
传舍	1
入骨	1
痛切	1
黎民	1
界内	1
揖让	1
沽名钓誉	1
华而不实	1
退下	1
子路	1
冉求	1
公西赤	1
门人	1
尹子文	1
陈文子	1
猪	1
三十二	1
画	1
后学	1
口渴	1
雪水	1
积石山	1
豪	1
曹仓	1
舒	1
夭亡	1
婚嫁	1
洗洗	1
顺利	1
步骑兵	1
水边	1
称作	1
濡	1
须	1
本族	1
安南	1
弯弓	1
下人	1
猛兽	1
强风	1
枯叶	1
滑头	1
阴谋诡计	1
翁	1
流芳	1
临淮	1
擦去	1
铭刻	1
不仅仅	1
逼到	1
倒戈	1
落水	1
全军复没	1
吴导	1
羌侯国	1
旅舍	1
屋门	1
高风	1
亮节	1
诱骗	1
东南	1
颁发	1
确认	1
远游	1
刎	1
冤情	1
路途	1
遥遥	1
喊冤	1
含	1
怨气	1
苍天	1
温恢	1
此处	1
宋忠	1
伦理	1
省悟	1
渔阳人	1
赞扬	1
无私	1
接续	1
帝业	1
留意	1
闯出	1
遗害	1
挥动	1
隐匿	1
裁	1
其次	1
周永	1
侍奏	1
奸计	1
东南风	1
江心	1
升起	1
船帆	1
阜陵	1
雁门郡	1
金商门	1
当权	1
未免	1
有失于	1
往年	1
虫灾	1
农作物	1
终极	1
魏功曹	1
尽职尽责	1
酷烈	1
疏于	1
辈子	1
盛传	1
任凭	1
宰杀	1
鱼肉	1
阳气	1
阴气	1
阻隔	1
寿命	1
育阳	1
军职	1
边陲	1
意料	1
入宫	1
住宿	1
意外	1
立正	1
段威武	1
盖世	1
童年	1
投身	1
白头	1
历事	1
十一年	1
怒喝	1
关上	1
老少	1
毙命	1
误杀	1
袁朴	1
波	1
赵彦	1
云中	1
歹徒	1
酗酒	1
作乐	1
无常	1
王美人	1
怨叹	1
哀鸣	1
册封	1
烟火	1
垂名	1
奴朴	1
看出	1
众叛亲离	1
庭中	1
蔡	1
敷衍	1
孝明	1
孝章	1
遹	1
临雍	1
等量齐观	1
在所难免	1
现有	1
违令	1
酿酒	1
脱下	1
熏香	1
笑语	1
皇位	1
光大	1
兴隆	1
召呼	1
委托人	1
涂上	1
猪油	1
裹	1
上下门	1
宣平门	1
护城河	1
窦融	1
米贼	1
已亥朔	1
收降	1
返	1
内忧	1
周成五	1
召公	1
废止	1
今日	1
抓紧	1
战备	1
支援	1
藩王	1
声誉	1
冲进	1
抢回	1
游戏	1
立足	1
朋党	1
邢国	1
夏天	1
及时雨	1
临侯	1
驰道	1
司马门	1
刑徒	1
直视	1
东中郎	1
董越	1
求全责备	1
失误	1
邓禹	1
十邳	1
交界	1
洞察	1
心机	1
钧	1
鼷	1
鼠	1
大钟	1
草茎	1
撞响	1
嫡母	1
林虑侯	1
玩物	1
高密	1
中平年	1
认真	1
漳水	1
官方	1
统辖	1
餐	1
瞪眼	1
朗陵	1
只阳安	1
仍旧	1
医生	1
针灸	1
当涂	1
亲到	1
船舱	1
小心谨慎	1
顽抗	1
司空荀爽	1
归依	1
强固	1
歌功颂德	1
不惑	1
女色	1
无效	1
僵尸	1
堆放	1
参选	1
辛卯朔	1
行刺	1
语气	1
整齐划一	1
时弊	1
沸水	1
辅政	1
生灵涂炭	1
蒙蔽	1
颜色	1
鹿马换形	1
收买	1
雷霆万钧	1
京光	1
受阻	1
中期	1
二百四十亿	1
永和	1
末期	1
黄衍	1
反倒	1
封号	1
隔断	1
张琰	1
九千	1
调出	1
广汉县	1
十八年	1
凉茂	1
隐士	1
歉意	1
先自	1
擒服	1
要点	1
懂得	1
翻车	1
乌	1
浇洒	1
洒水	1
泼	1
途径	1
向来	1
扣上	1
曹豹	1
世传	1
脸上	1
刺字	1
砍去	1
写完	1
汉史	1
侍御史	1
舍此取彼	1
前提	1
权宜之计	1
安阳人	1
应聘	1
朝延	1
理想	1
资才	1
整编	1
管辖	1
南郑	1
型罚	1
先生	1
濮阳县	1
田氏	1
反间计	1
濮阳城	1
许相	1
中都	1
暴行	1
语	1
死有余辜	1
讯问	1
冷苞	1
邓贤	1
沈	1
滇昌	1
饥恬	1
孝敬	1
贺喜	1
朴实书生	1
追上	1
呈献	1
上达	1
以逸待劳	1
人多势众	1
骄	1
偏爱	1
病危	1
裁减	1
克扣	1
俸给	1
借贷	1
验问	1
歃	1
盟	1
申晦	1
变化无穷	1
刘延	1
聆听	1
听完	1
偿命	1
伤人	1
剪去	1
距今	1
尽量	1
马厩	1
入座	1
暗自	1
磨炼	1
传话	1
鲁宣公	1
幼虫	1
孵出	1
袁汤生	1
袁成	1
实情	1
死里逃生	1
始终如一	1
成佛	1
亢父	1
如实	1
通报	1
砀县	1
行迹	1
栋	1
评定	1
甄	1
对话	1
告别	1
极为	1
没落	1
刘矩为	1
关雎	1
诗篇	1
北门	1
朔平	1
名利	1
引用	1
庸俗	1
俚语	1
俗话	1
艺人	1
戏文	1
抄袭	1
蒲	1
鞭子	1
肉体	1
王业	1
源源不断	1
输送	1
江边	1
眺望	1
内幕	1
焚毁	1
假话	1
活到	1
几时	1
孱陵	1
酆	1
缭	1
欺负	1
不便	1
鄣塞	1
招聚	1
横冲直撞	1
攻劫	1
苦县	1
仪	1
毫无疑问	1
一六二年	1
魏朗	1
老将	1
肩部	1
督扶	1
南城	1
开城	1
当代	1
万事	1
不偏不倚	1
串入	1
上洛	1
王琰	1
捉获	1
经传	1
果实	1
树根	1
在身	1
屈尊	1
刘翊	1
判刑	1
恕	1
王敏	1
赵慈	1
泥	1
散乱	1
夫馀	1
中部	1
敦煌群	1
西部	1
不料	1
积怒	1
春夏	1
蓄	1
随着	1
贴出	1
文辞	1
霜雪	1
九郡	1
此辈	1
预计	1
当庭	1
汉代	1
柜	1
分赃	1
质	1
引咎	1
向献帝	1
进退失据	1
历城	1
大阳	1
家里人	1
蒲草	1
结扎	1
殡葬	1
口才	1
出让	1
行侠	1
仗义	1
选取	1
装上	1
荻	1
枯	1
柴	1
浇上	1
油	1
裹上	1
帷幕	1
上边	1
插上	1
快艇	1
船尾	1
骄奢	1
独立自主	1
必要	1
王爵	1
称号	1
高句丽	1
耿临	1
小屋	1
齐宣王	1
称呼	1
讲话	1
手巾	1
擦脸	1
潮湿	1
木头	1
召抚	1
统部	1
华雄	1
宿怨	1
闹翻	1
乘风	1
直冲	1
刘冀	1
黑气	1
从天而降	1
温德殿	1
东侧	1
黑龙	1
西戎	1
北狄	1
派征	1
鄱阳	1
建昌	1
海昏县	1
聚剧县	1
谗害	1
求宠	1
骄纵横溢	1
永乐门	1
史霍玉	1
极其	1
奇异	1
营造	1
固山	1
宽宏大量	1
过后	1
传来	1
高枕无忧	1
含糊其辞	1
张牙舞爪	1
嚼烂	1
棍棒	1
二一九年	1
司马直	1
钜鹿	1
清谦	1
数额	1
胸襟	1
宽广	1
鲜卑人	1
鲍丘	1
两万	1
心宿	1
扫清	1
濯龙宫	1
祭坛	1
纺织	1
毛毡	1
装饰	1
陈列	1
镶边	1
祭天	1
乐曲	1
军饷	1
蒲阪	1
沿河	1
止住	1
莱	1
侏儒	1
演戏	1
伎俩	1
往日	1
有志之士	1
平日	1
转运	1
全力	1
虚耗	1
法治	1
耀眼	1
生辉	1
阳光	1
映	1
飞驶	1
下笔	1
遭逢	1
时世	1
艰危	1
拿去	1
增长	1
骚动	1
督将	1
囚徒	1
韩安国	1
宣帝	1
逃亡犯	1
益州郡	1
穷追	1
桥门谷	1
奢延泽	1
落川	1
令鲜水	1
一连串	1
尔后	1
灵武谷	1
庸庸碌碌	1
阿亭道	1
高达	1
楼台	1
垂头丧气	1
精悍	1
鼓舞	1
颖	1
逃向	1
何方	1
呼文	1
狼猾	1
贤士	1
亲切	1
多半	1
朝常	1
集议	1
蠢动	1
旧都	1
酒泉	1
房中	1
满满	1
寄存	1
数千万	1
在野王	1
娄侯	1
峡口	1
诸郡	1
八十二	1
争锋	1
争战	1
门口	1
游玩	1
匪徒	1
登楼	1
钱货	1
赎金	1
被害者	1
徐详	1
恶逆	1
恶劣	1
福运	1
传给	1
万全之策	1
收下	1
氮	1
受死	1
桓阶晋	1
义举	1
发还	1
王威	1
谢恩书	1
追踪	1
陆康才	1
还乡	1
遣出	1
婚配	1
永康	1
奔赴	1
行侠仗义	1
洹水	1
帐落	1
战国	1
交错	1
西河郡	1
太守府	1
安定郡	1
孙越	1
冲上	1
击杀	1
考	1
郭胜	1
贵宠	1
嫁聚	1
课程	1
制订	1
绕道	1
胆烈	1
忠勇	1
人体	1
毛病	1
庆功	1
走下	1
坐位	1
述	1
沟壑	1
改名	1
郑公乡	1
窦机	1
渭阳	1
窦靖	1
西乡	1
长安乡	1
老贼	1
后边	1
身披	1
近处	1
搞出	1
邓盛	1
南人	1
田产	1
宾	1
旅客	1
必不可少	1
自恨	1
挥刀	1
徐氏	1
流动	1
封套	1
边上	1
开垦	1
种植	1
稻谷	1
分配	1
调遣	1
渠穆	1
喜德殿	1
维系	1
威业	1
东阿县	1
作孽	1
万家	1
心满意足	1
狩猎	1
岱山	1
博县	1
尤来山	1
寇恂	1
矜持	1
任性	1
掩饰	1
掩盖	1
矫饰	1
好话	1
躺卧	1
幽暗	1
蒙住	1
昏眩	1
受风	1
控诉	1
髡	1
求战	1
抓	1
轻狂	1
怠慢	1
认罪	1
司空张温	1
乐毅	1
长年	1
艰苦	1
宗正	1
日甚一日	1
了如指掌	1
军旗	1
长大	1
制敌	1
盈溢	1
优雅	1
玩味	1
传诵	1
砍死	1
雷厉风行	1
填平	1
水井	1
厨房	1
炉灶	1
阻挡	1
置于死地	1
国夷人	1
中尉	1
二千石	1
助军	1
大郡	1
二三千万	1
差别	1
议定	1
钱数	1
畜牧场	1
狐	1
式	1
散关	1
河池	1
氐王	1
窦茂	1
盗匪	1
龚都	1
眼看	1
昏乱	1
先祖	1
为难	1
沾污	1
凶横	1
强暴	1
厌恨	1
海滨	1
俸	1
拨牙门	1
义阳	1
魏延	1
镇远	1
伍习	1
唆使	1
私事	1
忍痛	1
割舍	1
专心致志	1
厚望	1
宽宏	1
精深	1
邓渊	1
田芬	1
张义全	1
赡养	1
沔阳	1
陪	1
决定权	1
劈	1
防	1
忠	1
笃厚	1
玄	1
端平	1
笃	1
击掌	1
皇甫义真	1
方略	1
驿	1
乐观	1
送上	1
刻好	1
己酉	1
一六九	1
阳性	1
体	1
柔顺	1
消化	1
欢乐	1
调和	1
延年益寿	1
幸福	1
擂响	1
吹起	1
号角	1
空闲	1
举事	1
博陵人	1
左校	1
张白骑	1
髭	1
文八	1
平汉	1
缘城	1
雷公	1
浮云	1
白雀	1
杨凤	1
五鹿	1
蝤	1
举不胜举	1
眨眼	1
身首异处	1
有勇而无谋	1
有空	1
深思熟虑	1
逆耳	1
异议	1
巡查	1
一路上	1
祭拜	1
